yr,mo,dy,vot,rp21p,rp22p,rp24p,rp23p,rp13p,rp07p,rp05p,rp04p,rp01p,mr14p,rp08s,rp09p,rp11p,mr27p,rp10p,rp06p,rp02p,rp12p,rp03p,mr20p,mr17p,mr16p,mr34p,mr28p,mr37p,mr06p,mr36p,mr24p,mr22p,mr11p,mr19p,mr13p,mr29p,mr40p,mr01p,mr02p,mr38p,mr39p,mr25p,mr32p,mr07p,mr15p,mr35p,mr12p,mr10p,mr33p,mr09p,mr23p,mr26p,mr31p,mr30p,mr08s,mr03p,mr05p,mr04p,rp18p,rp20p,rp16p,rp14p,rp25p,rp26p,mr18p,rp19s,rp17p,rp15p,mr21p,dunanime
2006,9,28,1,1,1,1,1,1,1,1,1,1,1,9,1,1,1,1,1,1,1,1,1,1,1,1,1,1,1,1,1,1,1,1,1,1,1,1,1,1,1,1,1,1,1,1,1,1,1,1,1,1,1,1,1,1,1,1,1,1,1,1,1,1,1,9,9,1,1,1
2006,10,3,1,2,2,2,2,9,2,2,2,2,2,9,2,2,2,2,2,2,2,2,2,2,1,9,3,1,1,1,1,1,1,3,1,1,3,1,9,9,1,1,3,1,1,1,1,1,1,1,1,3,1,1,1,1,1,1,2,2,2,2,3,3,9,9,3,3,9,0
2006,10,12,1,9,1,1,1,1,1,1,1,1,1,9,1,1,1,1,1,1,1,1,1,1,1,9,1,1,1,1,1,1,1,1,1,1,1,1,1,1,3,1,1,1,1,9,1,1,1,1,1,1,1,1,1,1,1,1,1,1,9,1,1,1,1,9,9,9,1,1
2006,10,31,1,1,1,1,9,1,1,9,1,1,1,9,9,9,1,1,9,1,1,1,1,1,1,9,1,1,1,1,1,1,1,9,1,1,1,1,1,1,1,1,1,1,9,1,1,1,1,1,1,9,9,1,9,9,1,1,9,1,1,1,1,1,1,9,9,1,1,1
2006,10,31,2,1,1,1,9,1,1,9,1,1,1,9,9,9,1,1,1,1,9,1,1,1,1,9,1,9,1,9,1,1,1,9,1,1,1,1,1,1,1,1,1,1,1,1,1,9,1,1,1,9,9,1,9,9,1,1,9,1,1,1,1,1,1,9,1,1,1,1
2006,11,1,1,1,1,1,9,1,1,1,9,1,1,9,1,1,1,1,1,9,1,1,9,1,2,2,2,2,9,2,2,2,2,2,9,9,2,2,9,1,2,2,9,9,9,2,2,2,2,2,9,2,2,9,9,2,2,2,9,1,1,1,1,1,1,1,1,1,9,0
2006,11,9,1,1,1,2,2,1,1,1,1,1,9,9,1,1,1,1,1,1,1,1,1,1,2,2,2,2,2,2,2,2,2,2,2,3,2,2,2,2,2,2,2,2,2,2,2,2,2,2,2,2,2,2,2,2,2,2,3,3,3,3,2,2,2,3,1,1,2,0
2006,11,9,2,3,2,1,1,2,2,2,2,2,9,9,2,2,2,2,2,2,2,2,2,2,1,1,1,1,1,1,1,1,1,1,1,3,1,1,1,1,1,1,1,1,1,1,1,1,1,1,1,1,1,1,1,1,1,1,1,1,1,1,1,1,1,3,3,3,1,0
2006,11,9,3,3,1,2,9,3,9,3,9,3,9,9,3,9,3,9,3,3,3,3,3,3,2,2,2,2,2,2,2,2,2,2,2,3,2,2,2,2,2,2,2,2,2,2,2,2,2,2,2,2,2,2,2,2,2,2,1,1,1,1,2,2,2,1,9,9,3,0
2006,11,9,4,3,2,1,9,2,2,2,2,2,9,9,2,9,2,2,2,2,2,2,2,2,1,1,1,1,1,1,1,1,1,1,1,3,1,1,1,1,1,1,1,1,1,1,1,1,1,1,1,1,1,1,1,1,1,1,2,2,2,2,1,1,1,3,9,9,1,0
2006,11,14,1,1,9,1,1,1,1,1,9,1,9,9,1,1,1,1,1,1,1,1,1,1,1,1,1,1,1,1,1,1,1,1,1,1,1,1,9,1,1,1,1,1,1,1,1,1,1,1,1,1,1,1,1,1,1,1,1,1,1,1,1,1,1,1,9,1,1,1
2006,11,14,2,1,9,1,1,1,1,1,9,1,9,9,1,1,1,1,1,1,1,1,1,1,1,9,1,1,9,1,1,1,1,1,1,1,1,1,9,1,1,1,1,1,1,9,9,9,1,1,1,1,1,1,1,1,1,1,1,1,1,1,1,1,1,1,9,1,1,1
2006,11,14,3,1,1,1,1,1,1,9,9,1,9,9,1,1,1,1,1,1,1,1,1,1,1,9,1,1,9,1,1,1,1,1,1,9,1,1,1,1,1,1,1,1,1,9,1,9,1,1,1,1,1,1,1,1,1,1,1,1,1,1,1,1,1,1,9,1,1,1
2006,11,14,4,1,1,1,1,1,1,1,9,1,9,9,1,1,1,1,1,1,1,1,1,9,1,1,1,1,9,1,1,1,1,1,1,1,1,1,1,1,9,1,1,1,3,1,1,1,9,1,1,1,1,1,1,1,1,1,1,1,1,1,3,3,2,1,1,1,9,0
2006,11,14,5,1,1,1,1,1,1,1,9,1,9,9,1,1,1,1,1,1,1,1,1,9,1,1,1,1,9,1,1,1,1,1,1,1,1,1,1,1,1,1,1,1,1,9,1,9,1,1,1,1,1,1,1,1,1,1,1,1,1,1,9,1,9,9,9,1,1,1
2006,11,14,6,1,1,1,1,1,1,9,9,1,9,9,9,1,1,1,1,1,1,1,1,9,1,1,1,1,9,1,1,1,1,1,1,1,1,1,1,1,1,1,1,1,1,9,1,1,1,1,1,1,1,1,1,1,1,1,1,9,1,1,9,1,9,1,9,1,1,1
2006,11,14,7,1,1,1,9,1,1,9,9,1,9,9,9,1,1,1,9,1,9,1,1,9,1,9,9,9,9,1,1,9,1,1,1,1,1,1,1,1,9,1,1,9,9,9,1,1,1,9,1,1,1,1,1,1,9,1,1,9,1,1,1,1,1,1,9,1,1,1
2006,11,16,1,1,1,1,9,1,9,9,9,9,9,9,1,1,9,1,1,1,1,1,9,1,1,1,1,1,9,9,1,1,9,1,9,1,1,1,9,1,1,1,1,1,1,9,1,1,1,1,1,1,1,9,1,9,1,1,1,9,1,1,9,9,1,1,9,1,9,1
2006,11,16,2,1,1,1,9,1,9,9,9,1,9,9,1,1,9,1,1,1,1,1,9,1,1,1,1,1,9,1,1,1,1,1,9,1,1,1,1,1,1,1,1,1,1,9,1,1,1,1,1,1,1,9,1,1,1,1,1,9,1,1,1,9,1,1,1,9,9,1
2006,11,23,1,2,2,2,2,2,2,9,2,2,2,9,2,9,2,1,2,2,2,2,2,2,1,9,1,1,1,1,1,1,2,1,9,1,1,1,1,1,1,1,1,1,1,1,1,1,1,1,1,1,9,1,1,9,9,1,2,2,2,2,9,9,1,2,9,2,1,0
2006,11,28,1,3,9,1,9,2,2,2,2,2,2,9,2,9,2,2,2,9,9,2,2,2,1,9,1,1,1,1,1,1,1,1,9,1,1,1,1,1,1,1,1,1,9,1,1,1,1,9,1,1,1,9,1,9,1,1,2,2,9,2,3,3,1,9,2,2,1,0
2006,11,28,2,1,9,1,1,1,1,1,1,1,1,9,1,9,1,1,1,9,1,1,1,1,1,9,1,1,9,1,1,1,1,1,9,1,1,1,1,1,1,1,1,1,9,1,1,1,1,9,1,1,1,9,1,9,1,1,1,1,1,1,1,1,1,9,1,1,1,1
2006,11,28,3,1,9,1,1,1,9,1,1,1,1,9,1,9,1,1,9,9,1,1,9,1,1,9,1,1,9,1,1,9,1,9,9,1,9,1,1,1,1,1,1,1,9,9,9,1,1,9,9,1,1,9,1,9,9,1,1,1,1,1,1,1,1,9,1,1,9,1
2006,11,28,4,3,9,1,9,1,1,1,1,1,1,9,1,9,1,1,1,1,1,1,1,1,1,9,1,3,9,1,1,1,1,1,1,1,1,1,9,3,3,1,9,3,2,1,1,3,3,9,1,3,3,1,2,9,3,1,1,1,3,1,1,1,3,1,1,9,9,0
2006,11,30,1,9,9,1,9,9,1,9,1,1,1,9,9,1,1,1,9,1,9,1,9,1,1,1,9,1,1,1,1,1,1,9,9,1,1,1,1,9,1,1,1,1,1,1,1,9,1,9,1,1,1,1,1,1,1,1,1,9,1,1,1,1,1,9,9,9,9,1
2006,12,13,1,1,9,1,1,9,1,9,1,1,1,9,1,1,1,1,1,1,1,1,9,9,1,9,9,1,9,1,9,1,9,9,9,1,1,1,9,1,1,9,1,9,1,1,1,1,1,1,1,1,1,9,1,1,1,1,1,9,9,1,1,9,1,1,1,9,9,1
2006,12,13,2,1,9,1,1,9,1,9,1,1,1,9,1,1,1,1,9,1,1,1,9,9,1,9,9,1,9,1,9,1,9,9,9,1,9,1,9,1,1,9,1,1,1,1,1,1,1,1,1,1,1,9,1,1,1,1,1,9,1,1,1,9,9,1,1,9,9,1
2006,12,13,3,1,9,1,1,9,1,9,1,1,1,9,1,1,1,1,1,1,1,1,1,1,1,9,1,9,9,1,1,9,1,9,9,1,9,1,9,1,1,9,1,1,1,1,1,1,1,1,1,1,1,9,1,1,1,1,9,9,1,1,1,1,9,1,1,9,9,1
2006,12,13,4,9,9,1,1,9,1,9,1,1,1,9,1,1,1,1,1,1,1,1,1,1,1,9,1,9,1,1,1,9,1,9,9,9,9,1,9,1,1,9,1,1,1,1,1,1,1,1,1,1,1,9,1,1,9,1,9,9,1,1,1,1,9,1,1,9,9,1
2006,12,13,5,1,9,1,1,9,1,9,1,1,9,9,1,1,1,1,1,9,1,1,1,9,1,9,1,9,1,1,1,9,1,9,9,1,9,1,9,1,1,1,1,1,1,9,1,1,9,9,1,1,1,9,1,1,9,1,9,9,1,1,1,9,9,1,1,9,9,1
2006,12,13,6,1,9,1,1,9,1,9,1,1,1,9,1,1,1,1,1,1,1,1,1,9,1,9,1,9,1,1,1,9,1,9,9,1,9,1,9,1,1,1,1,1,1,9,1,1,9,9,1,1,1,9,1,1,9,1,9,9,1,1,1,9,9,1,1,9,9,1
2006,12,13,7,1,9,1,1,9,1,9,1,1,1,9,1,9,1,1,9,1,1,1,1,9,1,9,1,9,1,1,1,9,1,9,9,1,9,1,9,2,1,2,1,9,1,9,1,9,1,9,1,1,1,9,1,1,9,1,9,9,1,1,1,1,1,1,1,9,9,0
2006,12,13,8,1,9,1,1,9,1,9,1,1,1,9,1,9,1,1,1,1,1,1,1,9,1,9,1,9,1,1,1,9,1,9,9,1,9,1,9,1,1,1,1,9,1,9,1,1,1,9,1,1,1,9,1,1,9,1,9,9,1,1,1,1,1,9,1,9,9,1
2006,12,14,1,1,1,1,9,9,1,9,1,9,1,9,1,1,1,9,9,1,1,1,1,9,1,1,1,3,1,9,1,1,1,9,9,1,1,1,3,1,1,1,1,9,3,1,1,1,1,1,1,9,1,1,1,1,1,1,9,1,9,1,1,1,1,1,1,1,9,1
2006,12,14,2,1,1,1,1,9,1,9,1,1,1,9,1,1,1,1,9,1,1,1,1,9,1,1,1,1,1,1,1,1,1,9,9,1,1,1,1,1,1,1,1,1,9,1,1,1,1,1,1,9,1,1,1,1,1,1,9,1,1,1,1,1,1,9,1,1,9,1
2006,12,14,3,1,1,1,1,1,1,9,1,1,1,9,1,1,1,1,9,1,1,1,1,9,1,1,1,1,1,1,1,1,1,9,9,1,1,1,1,1,1,1,1,1,9,1,1,1,1,1,1,9,1,1,1,1,1,1,9,1,1,9,1,1,1,9,9,9,9,1
2006,12,14,4,1,1,1,1,1,1,9,1,1,1,9,1,1,1,1,9,1,1,1,1,9,1,1,1,1,1,1,1,1,1,9,9,1,1,1,1,1,1,1,1,1,9,9,1,1,1,1,1,9,1,1,1,1,1,1,9,1,1,1,1,1,1,1,9,9,1,1
2006,12,14,5,1,1,1,1,1,1,9,1,1,1,9,1,1,1,1,1,1,1,1,1,9,1,1,1,1,1,1,1,9,1,9,9,1,1,1,1,1,1,1,1,1,9,1,1,9,1,1,1,9,1,1,1,1,1,1,9,1,1,1,1,1,1,9,9,1,1,1
2006,12,14,6,1,1,1,1,1,1,9,1,1,1,9,1,1,1,1,1,1,1,9,1,9,1,1,1,1,1,1,1,1,1,9,9,1,1,1,1,1,1,1,1,1,1,1,1,1,1,1,1,9,1,1,1,1,1,1,9,1,1,1,1,1,1,1,9,1,1,1
2006,12,19,1,1,1,1,1,1,1,1,1,1,1,9,9,1,1,1,1,1,1,1,1,1,1,1,1,9,1,9,9,1,9,1,9,1,9,1,9,1,9,3,9,1,9,1,1,9,2,3,1,1,1,1,9,2,9,1,1,1,9,1,1,1,9,1,9,1,1,0
2006,12,19,2,1,1,1,1,1,1,9,1,1,1,9,1,1,1,1,1,9,1,1,1,1,1,9,1,9,1,1,1,1,9,1,9,1,9,1,9,1,1,1,9,1,1,1,1,1,1,1,1,1,1,1,9,1,1,1,1,1,9,1,1,1,9,1,1,1,1,1
2006,12,21,1,1,1,1,9,1,1,9,9,1,1,9,1,9,1,1,9,1,9,1,1,1,9,9,9,1,1,1,1,9,1,1,9,1,9,1,9,1,9,1,9,1,1,1,1,9,1,1,9,1,1,1,1,9,1,9,9,9,1,9,1,1,1,9,9,9,1,1
2006,12,21,2,1,1,1,1,1,1,9,1,1,1,9,1,1,1,1,9,1,9,1,1,1,1,9,1,1,1,1,1,1,1,1,9,1,9,1,9,1,1,1,9,1,1,1,1,9,1,1,1,1,1,1,9,9,1,1,9,9,1,1,1,1,1,9,9,9,1,1
2006,12,21,3,1,1,1,1,1,1,9,1,1,1,9,1,1,1,1,9,1,9,1,1,1,1,9,1,1,1,1,1,1,1,1,9,1,9,1,9,1,1,1,9,1,1,1,1,9,1,1,1,1,1,1,9,9,1,1,9,9,1,1,1,9,1,9,9,9,1,1
2006,12,21,4,1,1,1,1,1,1,1,1,1,1,9,1,1,1,1,9,1,9,1,1,1,1,9,1,1,1,1,9,1,1,1,9,1,9,1,9,1,1,1,9,1,1,1,1,9,9,1,1,1,1,1,9,9,1,1,9,9,1,1,1,9,1,9,9,9,1,1
2006,12,21,5,1,1,1,1,1,1,9,1,1,1,9,1,1,1,1,9,1,9,1,1,1,1,9,1,1,1,1,9,1,1,1,9,1,9,1,9,1,1,1,9,1,1,1,1,9,9,1,1,1,1,1,9,9,9,1,9,9,1,1,1,1,1,9,9,9,1,1
2006,12,21,6,2,2,2,2,2,2,9,9,2,2,9,2,2,2,2,9,2,9,2,2,2,9,9,9,1,9,1,1,9,1,9,9,1,9,1,1,1,1,1,9,1,1,9,1,1,1,1,1,1,9,9,1,9,9,3,9,9,2,2,2,2,1,9,9,9,1,0
2006,12,26,1,9,1,1,1,1,1,1,1,1,1,9,1,9,1,1,1,9,9,1,1,1,1,1,1,1,1,9,1,1,1,1,1,1,1,1,1,1,1,1,9,1,1,1,1,1,1,1,1,9,1,1,1,1,1,1,1,1,1,1,1,1,1,9,9,1,1,1
2006,12,26,2,9,1,1,1,1,1,1,9,1,1,9,1,9,1,1,1,1,9,1,1,9,1,1,1,1,1,1,1,9,1,1,1,1,1,1,1,1,1,1,9,1,1,1,1,9,1,1,1,9,1,1,1,1,1,1,1,1,1,1,1,1,1,1,9,1,1,1
2006,12,26,3,9,1,1,1,9,1,1,9,1,1,9,1,9,1,1,1,1,9,1,1,1,1,1,1,1,1,1,1,9,1,1,1,1,1,1,1,1,1,1,9,1,1,1,1,9,9,1,1,9,1,1,1,1,1,1,1,1,1,1,1,1,1,1,9,1,9,1
2006,12,26,4,9,1,1,1,1,1,1,9,1,1,9,1,9,1,1,1,1,9,1,1,9,1,1,1,1,9,1,1,1,1,1,1,1,1,1,1,1,1,1,1,1,1,1,1,9,9,1,1,9,1,1,1,9,1,1,9,1,1,1,1,1,1,9,9,1,1,1
2006,12,26,5,9,1,1,1,1,1,1,9,1,1,9,1,9,1,1,1,1,9,1,1,9,1,9,1,9,9,1,1,1,1,1,1,1,9,1,1,1,1,1,1,1,1,1,1,9,9,1,1,1,1,1,1,9,1,9,9,1,1,1,1,1,1,1,9,1,1,1
2006,12,26,6,9,1,1,1,1,1,1,9,1,1,9,1,9,1,1,1,1,9,1,9,9,1,9,1,1,9,9,1,1,1,1,1,1,1,1,1,1,9,1,1,1,1,9,1,9,9,1,1,1,1,1,1,9,1,9,9,1,1,1,1,1,1,9,1,1,1,1
2006,12,26,7,9,1,1,1,1,1,1,1,1,1,9,9,1,1,1,9,9,9,1,9,9,1,9,1,1,9,9,1,1,1,9,1,1,1,1,1,1,9,1,1,1,1,9,1,1,9,1,1,1,9,1,1,9,1,1,1,9,1,1,1,1,1,9,1,1,1,1
2006,12,26,8,9,1,1,1,1,1,1,1,1,1,9,9,1,1,1,9,1,9,1,1,9,1,9,1,1,9,1,1,1,1,9,1,1,1,1,1,1,1,1,1,1,1,1,1,1,9,1,1,1,9,1,1,1,1,1,1,9,1,1,1,1,1,1,9,1,9,1
2006,12,26,9,9,1,1,1,1,1,1,1,1,1,9,1,1,1,1,1,1,9,1,1,1,1,1,1,1,9,1,1,1,1,9,1,1,1,1,1,1,1,1,1,1,1,1,1,1,1,1,1,1,1,1,1,1,1,1,1,1,3,1,1,1,1,1,1,1,1,1
2006,12,26,10,9,1,1,1,2,9,2,2,2,2,9,2,9,2,2,9,2,9,2,2,2,2,9,2,2,9,9,9,9,2,2,2,2,9,2,9,1,1,1,9,9,9,2,2,9,9,2,9,2,2,9,9,9,9,2,9,2,2,2,1,1,1,9,9,2,1,0
2006,12,27,1,1,1,1,1,1,1,9,1,1,1,9,1,1,9,1,1,1,1,1,9,1,1,1,1,1,1,1,1,1,1,1,1,1,9,1,1,1,1,1,1,1,1,1,1,1,1,9,1,1,1,1,1,9,1,1,2,2,2,2,1,1,1,1,9,1,1,0
2006,12,27,2,1,1,1,1,1,1,9,1,1,1,9,1,9,9,1,1,1,1,1,9,1,1,1,1,1,1,1,1,1,1,1,1,1,9,9,1,1,1,1,1,1,1,1,1,1,1,9,1,1,1,1,1,1,1,1,1,1,1,1,1,1,1,1,9,1,1,1
2006,12,27,3,1,1,1,1,9,1,9,1,1,1,9,1,1,1,1,1,1,1,1,9,1,1,9,1,3,1,1,1,1,1,1,9,1,1,9,9,1,1,1,9,1,1,1,1,9,1,1,1,1,9,1,9,9,9,9,1,1,1,1,1,1,1,9,1,9,1,1
2006,12,28,1,1,1,1,1,1,1,9,1,9,1,9,1,1,1,1,1,1,1,1,1,1,1,9,1,1,1,1,1,1,1,1,1,1,1,1,1,1,1,1,1,9,1,9,1,1,1,1,1,1,1,1,1,1,1,1,1,1,9,9,1,1,9,9,1,1,1,1
2006,12,28,2,1,1,1,1,1,1,9,1,1,1,9,1,1,1,1,9,1,1,1,1,1,1,9,1,9,1,1,1,1,1,1,1,1,1,1,1,1,1,1,1,9,1,1,1,1,1,1,1,1,1,1,1,1,1,9,1,1,1,9,1,1,9,1,1,1,1,1
2006,12,28,3,1,1,1,1,1,1,9,1,1,1,9,1,1,1,1,1,1,1,1,1,1,1,9,1,1,1,1,1,1,1,1,1,1,1,1,1,1,1,1,1,1,1,1,1,1,1,3,1,1,1,1,1,2,1,1,1,1,1,1,1,1,9,1,9,9,1,0
2006,12,28,4,1,1,1,1,1,1,9,1,1,1,9,1,1,1,1,1,1,1,9,1,1,1,9,1,1,1,9,1,1,1,1,1,1,1,1,1,1,1,1,1,1,1,1,1,1,1,1,1,1,1,1,1,1,1,1,9,1,1,9,1,1,9,9,9,9,1,1
2006,12,28,5,1,1,1,1,2,2,2,2,2,2,9,2,2,2,2,2,2,2,2,2,2,1,1,1,1,1,1,1,1,1,1,1,1,1,1,1,1,1,1,1,1,1,1,1,1,1,1,1,1,1,1,1,1,1,1,9,9,1,1,1,1,1,1,1,9,1,0
2006,12,28,6,1,1,1,1,1,1,1,1,1,1,9,1,1,1,1,1,1,1,1,1,1,2,2,2,2,2,2,2,2,2,2,2,2,2,2,2,2,2,2,9,2,2,2,2,2,2,2,2,2,2,2,2,2,9,2,9,9,1,1,2,2,2,2,9,9,2,0
2006,12,28,7,1,1,1,1,1,1,1,1,1,1,9,1,1,1,1,1,1,1,1,1,1,2,2,2,9,2,2,2,2,2,2,2,2,2,2,2,2,2,2,2,2,2,2,2,2,2,2,2,2,2,2,2,2,2,2,9,9,2,2,2,2,2,2,2,9,2,0
2006,12,28,8,1,1,1,1,1,1,1,1,1,1,9,1,1,1,1,1,1,1,9,1,1,2,2,9,9,2,2,2,2,2,2,2,2,2,2,2,2,2,2,9,2,2,2,2,2,2,2,2,2,2,2,2,2,2,2,9,9,1,1,2,2,2,2,2,9,2,0
2006,12,28,9,1,1,1,1,1,1,1,1,1,1,9,1,1,1,1,1,1,1,9,1,1,1,1,9,1,1,1,1,9,1,1,1,1,1,1,1,1,1,1,9,1,9,1,1,3,1,1,1,1,1,1,1,1,1,1,9,9,1,1,1,1,1,1,1,9,1,1
2006,12,28,10,1,1,1,1,1,9,1,1,1,1,9,1,1,1,1,1,1,1,9,1,1,1,1,9,1,1,1,1,9,1,1,1,1,1,1,1,1,1,1,1,1,9,1,1,1,1,1,1,1,1,1,1,1,1,1,9,9,1,1,1,1,1,1,1,9,1,1
2006,12,28,11,1,1,1,9,1,1,1,9,1,1,9,1,1,1,1,1,1,1,1,1,1,1,1,1,1,1,1,1,9,1,1,1,1,1,1,1,1,1,1,9,1,1,1,1,1,1,1,1,1,1,1,1,1,1,1,9,9,1,9,9,1,1,1,9,9,1,1
2006,12,30,1,1,1,1,1,1,1,1,9,1,1,9,1,1,1,1,1,1,1,1,1,1,1,1,1,9,1,1,1,1,1,1,1,1,1,2,9,1,1,1,1,1,1,1,1,1,1,2,1,1,1,1,1,1,1,1,9,9,1,1,1,9,1,1,1,9,1,0
2006,12,30,2,1,1,1,1,1,1,1,9,1,1,9,1,1,1,1,1,1,1,1,1,1,1,1,1,9,1,1,1,1,1,1,1,1,1,3,9,1,1,1,1,1,9,1,1,1,9,3,1,3,1,1,1,1,1,1,9,9,1,1,1,9,1,1,1,9,1,1
2006,12,30,3,1,1,1,1,1,1,1,9,1,1,9,1,1,1,1,1,1,1,1,1,1,1,1,1,9,1,1,1,1,1,1,1,1,1,3,9,1,1,1,1,1,9,1,1,9,1,3,1,1,1,1,1,1,1,1,9,9,1,1,1,9,1,1,1,9,1,1
2006,12,30,4,1,1,1,1,1,1,1,9,1,1,9,1,1,1,1,1,1,1,1,1,1,1,1,1,9,1,1,1,1,1,1,1,1,1,3,1,1,1,1,1,1,9,1,1,1,1,3,1,1,1,1,1,1,1,1,9,9,1,1,1,9,1,1,1,9,1,1
2007,2,12,1,1,1,1,1,9,1,1,1,1,1,9,1,9,1,1,1,1,1,1,1,1,1,1,1,1,1,1,1,1,1,1,1,1,1,3,1,1,1,1,1,9,1,1,1,1,1,9,1,1,1,1,1,9,1,1,1,1,1,1,1,1,1,9,1,9,1,1
2007,2,12,2,1,1,1,1,9,1,1,9,1,1,9,1,9,1,1,9,1,1,1,1,1,1,1,1,9,9,1,1,1,1,1,1,1,1,9,9,1,1,1,1,1,9,1,1,1,9,9,1,1,1,1,9,9,9,1,1,1,1,1,1,1,1,9,1,9,1,1
2007,2,12,3,1,1,1,1,9,1,9,1,1,1,9,1,9,1,1,1,1,1,1,1,9,1,9,1,9,1,1,1,1,1,1,1,1,1,1,9,1,1,1,1,9,9,9,1,1,1,9,1,1,1,1,1,9,9,1,9,1,9,1,1,1,1,9,1,9,1,1
2007,2,12,4,1,1,1,1,9,1,9,1,1,1,9,1,9,1,1,1,1,1,1,1,9,1,9,1,9,9,1,1,1,1,1,1,1,1,1,9,1,1,1,1,1,1,9,1,1,1,9,1,1,1,1,1,9,9,1,9,1,9,1,1,1,1,9,9,9,1,1
2007,2,12,5,2,2,2,2,9,1,9,1,1,9,9,1,9,9,1,1,1,1,1,1,9,1,9,1,9,9,1,1,1,1,1,9,1,1,9,9,1,1,1,1,9,1,9,1,1,1,9,1,1,1,1,1,9,9,1,9,9,9,1,9,1,1,9,9,9,9,0
2007,2,27,1,9,9,1,1,1,1,1,1,1,1,9,1,1,1,1,1,1,1,1,1,1,1,1,1,9,1,1,1,1,1,9,9,1,1,1,1,1,1,1,1,1,1,1,1,1,1,1,1,1,9,1,9,9,1,1,1,1,1,1,1,1,1,1,9,1,1,1
2007,2,27,2,9,9,1,1,9,3,9,3,3,3,9,3,2,3,3,3,3,3,3,1,3,1,1,1,9,1,1,1,1,1,1,9,1,1,1,9,9,1,1,1,1,1,1,1,1,1,1,9,1,9,1,9,9,1,1,1,1,1,1,1,1,1,1,9,1,1,0
2007,2,27,3,9,9,2,2,9,1,1,1,1,1,9,1,1,1,1,1,1,1,1,9,1,1,1,1,1,9,1,1,9,1,1,9,1,1,1,9,9,1,1,1,1,1,1,1,9,1,9,1,1,9,1,9,1,1,1,1,1,1,1,1,1,1,9,9,1,1,0
2007,3,15,1,1,1,1,1,1,1,9,1,1,1,9,1,1,1,1,1,1,1,1,1,1,1,1,1,1,1,9,1,1,1,9,1,1,9,1,1,9,1,9,1,1,9,1,1,9,1,1,1,1,1,1,1,1,9,1,1,1,1,1,1,9,1,1,9,1,9,1
2007,3,15,2,1,1,1,1,1,1,9,1,9,1,9,1,1,9,1,1,1,1,1,1,1,1,1,1,1,1,9,1,1,1,1,1,1,1,1,1,9,1,1,1,1,1,9,1,9,1,1,1,1,1,1,1,1,9,1,1,1,1,1,1,9,1,1,1,1,9,1
2007,3,15,3,1,1,1,1,1,1,9,1,9,1,9,1,1,9,1,1,1,1,1,1,1,1,1,1,1,9,9,1,1,1,1,9,1,1,1,1,9,1,1,1,1,1,1,1,9,1,1,1,1,1,1,1,1,9,1,1,1,1,1,1,9,1,1,1,1,9,1
2007,3,15,4,1,1,1,1,1,1,9,1,1,1,9,1,1,1,1,9,1,1,1,1,1,1,1,1,1,9,9,1,1,1,1,1,1,1,1,1,9,1,1,1,1,1,1,1,9,1,1,1,1,1,1,1,1,9,1,1,1,1,9,1,9,1,1,1,1,9,1
2007,3,15,5,1,1,1,1,1,1,9,1,1,1,9,1,1,1,1,1,1,1,1,1,1,1,1,1,1,9,9,9,1,1,1,1,1,1,1,1,9,1,1,1,1,1,1,1,9,1,1,1,1,1,1,1,1,9,1,1,1,1,9,1,9,1,9,9,1,9,1
2007,3,20,1,1,1,1,1,1,1,1,1,1,1,9,1,1,1,1,1,1,1,1,1,1,1,1,9,1,1,1,1,1,9,1,9,1,1,1,1,9,1,1,1,1,9,1,1,9,9,9,9,1,1,1,9,1,1,1,9,9,1,9,1,9,1,1,1,9,9,1
2007,3,20,2,1,2,2,2,2,2,2,2,2,2,9,2,2,2,2,2,2,2,2,2,2,1,1,9,1,1,1,1,1,1,1,1,1,1,1,1,1,1,1,1,1,9,1,1,9,1,9,1,9,1,1,9,1,1,1,2,2,2,2,1,1,1,2,1,1,9,0
2007,3,20,3,1,1,1,1,1,1,1,1,1,1,9,1,1,1,1,1,1,9,1,1,9,1,1,9,1,1,1,1,1,1,9,1,1,1,1,1,1,1,1,1,1,9,1,1,1,1,9,1,9,1,9,9,1,1,1,1,1,1,1,1,1,1,1,9,1,9,1
2007,3,20,4,1,1,1,1,1,1,1,1,1,1,9,1,1,1,1,1,1,1,1,1,1,1,1,9,1,1,1,1,9,1,1,1,1,1,1,1,1,1,1,1,1,9,1,1,9,1,9,1,9,1,9,9,1,1,1,1,1,1,1,2,2,2,1,2,2,9,0
2007,3,20,5,1,1,1,1,1,1,2,1,9,1,9,1,1,9,1,1,1,1,1,1,1,1,9,9,1,1,1,1,9,1,1,1,1,9,1,1,1,1,1,1,1,9,9,1,1,1,9,1,9,1,9,9,9,1,1,2,2,9,2,1,1,1,9,1,2,9,0
2007,3,20,6,1,1,1,1,1,1,1,1,9,1,9,1,1,9,1,1,1,1,1,1,1,1,9,1,1,1,1,1,9,1,1,1,1,9,9,9,1,1,1,1,1,9,9,1,9,1,9,1,9,1,9,9,9,1,1,9,1,9,1,1,1,1,9,1,1,9,1
2007,3,20,7,1,1,1,1,3,3,3,3,9,3,9,3,3,9,3,3,3,3,3,3,3,1,9,1,1,9,1,1,9,1,1,1,1,9,1,1,1,1,1,1,1,9,9,1,1,1,9,1,9,1,9,9,1,1,1,1,1,9,1,1,1,1,9,1,1,9,1
2007,3,22,1,1,1,1,1,9,1,1,1,1,1,9,1,1,1,1,1,1,1,1,1,1,1,1,1,1,1,1,1,1,9,9,1,1,1,1,1,1,9,1,1,9,1,1,1,1,1,1,1,1,9,1,1,9,1,1,9,1,1,9,1,1,1,1,9,1,1,1
2007,3,22,2,1,1,1,9,1,1,1,1,1,1,9,1,1,1,1,1,1,1,9,1,9,1,1,9,1,1,1,9,1,9,9,1,1,9,9,1,1,9,1,1,9,1,1,1,1,1,1,1,1,9,1,1,1,1,1,9,1,1,9,1,9,1,1,9,1,1,1
2007,3,22,3,1,1,1,9,1,1,9,1,1,1,9,1,1,1,1,1,1,9,9,1,9,1,1,9,1,9,1,9,9,9,9,1,1,1,9,1,1,9,9,1,1,1,9,9,9,1,9,1,1,9,1,1,1,1,1,9,1,1,9,1,9,1,9,9,1,9,1
2007,3,22,4,1,1,1,9,1,1,9,1,1,1,9,1,1,1,1,1,1,1,1,1,9,1,1,9,1,9,1,1,1,9,1,1,1,1,2,1,1,9,1,1,1,1,9,1,9,1,2,1,1,9,9,9,1,1,1,9,1,1,9,1,1,1,9,9,1,1,0
2007,3,22,5,9,1,1,9,1,9,9,1,1,1,9,1,1,1,1,1,1,9,1,1,9,1,1,9,9,9,1,1,1,1,1,9,1,1,1,1,1,9,1,1,1,1,9,1,9,1,1,1,1,9,9,1,9,1,1,9,1,1,9,1,1,1,9,9,9,9,1
2007,3,22,6,1,1,1,9,1,1,9,1,1,1,9,1,1,1,1,1,1,9,1,1,1,1,1,9,9,9,1,9,1,9,1,9,1,1,1,1,1,9,9,1,1,1,9,1,1,1,1,1,1,9,1,1,9,1,9,9,1,1,9,1,1,9,9,9,9,9,1
2007,3,22,7,1,1,1,9,1,1,9,1,1,1,9,1,1,1,1,1,1,9,1,1,1,1,1,1,9,9,1,9,1,9,1,9,1,1,1,1,1,9,9,1,1,1,9,1,9,1,1,9,1,9,1,1,1,9,9,9,1,1,9,9,1,1,9,9,9,9,1
2007,3,22,8,1,1,1,9,1,1,9,1,1,1,9,1,1,1,1,1,1,9,1,1,1,1,3,1,9,9,1,9,1,9,1,9,1,1,1,1,1,9,1,1,1,1,9,1,9,3,1,9,1,9,1,3,1,1,9,9,1,1,9,9,1,1,9,9,9,9,1
2007,3,22,9,1,1,1,9,1,1,9,1,1,1,9,1,1,1,1,9,1,9,1,9,1,1,9,1,1,9,1,9,9,9,1,9,1,1,1,1,1,9,9,1,9,1,9,1,1,1,1,9,1,9,1,1,9,1,1,9,1,1,9,9,9,1,9,9,9,9,1
2007,3,27,1,1,9,1,1,1,1,9,1,1,9,9,9,1,9,1,1,1,1,1,9,1,1,9,1,9,9,9,1,1,1,1,1,1,9,1,1,1,1,1,1,1,1,1,1,1,1,1,1,9,1,1,9,9,1,1,9,9,1,1,1,1,1,1,1,9,1,1
2007,3,27,2,1,9,1,1,1,1,1,1,9,1,9,9,1,9,1,1,1,1,1,9,1,1,9,1,9,9,9,1,1,9,9,1,1,9,1,9,1,1,1,1,1,9,1,1,1,9,9,1,9,1,1,9,1,1,1,9,9,1,1,1,1,1,9,1,9,1,1
2007,3,27,3,1,9,1,9,1,1,1,1,1,1,9,9,1,9,1,1,1,1,1,9,1,1,9,1,9,9,9,1,1,9,9,1,1,9,9,9,9,1,1,1,1,9,9,1,1,9,9,1,9,1,9,9,1,1,1,9,9,1,1,1,1,1,1,9,9,1,1
2007,3,27,4,1,9,1,9,1,9,1,1,1,1,9,9,1,1,1,1,1,1,1,9,1,1,9,9,9,9,9,1,1,9,9,1,3,9,1,9,9,1,1,1,2,9,9,1,1,9,9,9,9,1,9,9,1,1,3,9,9,1,1,1,9,1,1,9,9,1,0
2007,3,27,5,1,9,1,9,1,9,1,1,1,1,9,9,1,1,1,1,1,1,1,9,1,1,9,1,9,9,9,1,9,9,9,9,1,9,1,9,9,1,9,1,9,9,9,1,9,9,9,1,9,1,9,9,9,1,1,9,9,1,1,1,9,1,1,9,9,1,1
2007,3,29,1,1,1,1,9,1,1,1,1,1,1,9,1,9,1,9,9,1,1,1,9,1,1,9,9,1,1,9,1,1,9,9,1,9,9,1,1,1,9,9,1,1,1,1,1,1,9,1,1,1,9,1,9,9,1,1,9,1,9,1,1,1,9,1,9,9,1,1
2007,3,29,2,1,1,1,9,1,1,1,1,1,9,9,1,9,1,9,1,1,1,1,9,1,1,9,9,1,1,9,1,1,9,9,1,1,9,1,1,1,9,9,1,1,1,1,1,1,9,1,1,1,1,1,9,9,1,1,9,1,9,1,1,9,9,9,9,9,1,1
2007,3,29,3,1,1,1,9,1,1,9,1,1,9,9,1,1,1,9,1,1,1,1,9,1,1,9,9,1,1,9,1,9,9,9,1,1,9,1,1,1,9,9,1,1,1,1,1,9,9,1,1,1,1,1,9,9,1,1,9,9,9,1,1,9,9,1,9,9,1,1
2007,3,29,4,1,1,1,9,1,1,9,1,1,9,9,1,9,1,9,1,1,9,1,9,1,1,9,1,1,1,9,1,1,1,9,1,1,9,1,1,1,9,9,1,1,1,9,9,1,9,1,1,1,1,1,9,9,1,1,9,9,9,1,9,9,9,1,9,9,1,1
2007,3,29,5,1,1,1,9,9,9,9,1,1,1,9,9,1,1,9,9,1,9,1,9,1,1,9,1,1,1,9,1,1,1,9,1,1,9,1,1,1,9,9,1,1,1,9,9,1,9,1,1,1,1,1,9,9,1,1,9,9,9,1,9,9,9,1,9,9,1,1
2007,3,29,6,1,1,1,9,9,1,9,1,9,1,9,1,1,1,9,1,1,9,1,9,1,1,9,1,1,1,9,1,1,1,9,9,1,9,1,1,1,9,9,1,1,1,1,9,1,9,1,1,1,1,1,9,9,1,1,9,9,9,1,9,9,9,1,9,9,1,1
2007,3,29,7,1,1,1,9,1,1,1,1,9,9,9,1,9,1,9,1,1,9,9,9,9,1,9,1,1,1,9,1,1,1,9,9,1,9,1,1,1,9,9,1,1,1,1,9,1,9,9,1,1,1,1,9,1,1,1,9,9,9,1,9,9,9,1,9,9,1,1
2007,3,29,8,1,1,1,9,1,1,1,1,9,1,9,1,9,1,9,1,1,9,9,9,9,1,9,1,1,1,9,1,9,1,9,9,1,9,1,1,1,9,9,1,1,9,1,9,1,9,9,1,1,1,1,9,1,1,1,9,9,9,1,9,9,9,1,9,9,1,1
2007,3,29,9,1,1,1,9,1,1,1,1,9,1,9,1,9,1,9,1,1,9,1,9,1,1,9,1,1,1,9,1,1,1,9,9,1,9,1,1,1,9,9,1,1,9,1,9,1,9,9,1,1,1,1,9,1,1,1,9,9,1,1,9,9,9,1,1,9,1,1
2007,3,29,10,1,1,1,9,1,1,1,1,9,1,9,1,9,1,9,1,1,9,1,9,1,1,9,1,1,1,9,1,1,1,9,9,1,9,1,9,1,9,9,1,1,9,1,9,1,9,9,1,1,1,1,9,1,1,1,9,9,9,1,1,9,9,1,1,9,1,1
2007,4,4,1,1,1,1,9,1,1,1,1,1,1,9,9,1,1,9,1,1,1,1,1,9,1,1,9,1,1,1,1,1,1,9,1,9,9,1,1,9,1,1,9,1,9,1,1,9,9,1,1,1,1,1,9,9,1,1,1,1,1,1,9,9,9,9,9,1,9,1
2007,4,4,2,1,1,1,9,1,1,1,1,1,1,9,9,1,1,9,1,1,1,1,1,9,9,1,9,1,9,1,1,9,1,9,1,1,9,1,1,9,1,9,9,1,9,1,1,9,9,1,1,1,1,1,9,9,1,1,1,1,1,1,1,9,9,9,9,1,9,1
2007,4,4,3,1,1,1,9,1,1,9,1,1,1,9,1,1,1,9,1,1,1,1,1,1,2,2,2,2,2,2,2,2,2,2,2,2,2,2,2,2,2,2,9,2,2,2,2,9,2,2,2,2,2,2,9,2,2,2,1,1,1,1,2,9,2,9,9,9,2,0
2007,4,4,4,2,2,2,9,2,2,9,2,2,2,9,2,2,2,9,2,2,2,2,2,2,1,1,1,1,1,9,1,1,1,1,1,1,1,1,1,1,1,1,9,1,1,1,1,9,1,1,1,1,1,1,9,1,1,1,2,2,2,2,1,9,1,9,9,9,1,0
2007,4,4,5,3,1,3,9,1,1,9,1,1,1,9,1,1,1,9,1,1,1,1,1,1,1,1,1,1,9,1,9,9,9,1,9,1,9,1,1,1,1,1,9,1,9,1,1,9,1,1,1,1,1,1,9,1,1,1,1,1,1,1,9,9,1,9,9,9,1,1
2007,4,4,6,3,3,3,9,1,1,9,1,1,1,9,1,9,1,9,1,1,1,1,1,9,1,1,1,1,1,1,9,9,9,1,9,1,9,3,1,1,1,1,9,1,9,1,1,1,1,1,1,1,1,9,9,1,1,1,1,1,1,1,1,9,1,9,9,9,1,1
2007,4,4,7,2,9,2,9,2,2,9,2,2,2,9,2,2,2,9,2,2,9,2,9,2,3,3,3,1,1,1,9,1,9,1,9,1,9,1,1,1,1,1,9,1,9,1,1,1,1,1,1,9,1,9,9,9,1,3,2,2,2,2,3,9,1,9,1,9,3,0
2007,4,4,8,1,9,1,9,1,1,9,1,1,9,9,1,9,9,9,1,1,9,9,9,1,1,1,1,1,1,9,1,1,1,1,9,1,9,3,1,1,9,1,9,1,9,1,1,1,1,1,9,9,1,9,9,9,1,1,1,1,1,1,1,9,1,9,1,9,1,1
2007,4,4,9,1,9,1,9,1,1,9,1,1,1,9,1,1,9,9,1,1,9,1,9,1,1,1,1,1,1,9,1,1,1,1,9,1,9,1,1,1,9,1,9,1,9,1,1,1,1,1,9,9,1,9,9,9,1,1,1,9,1,1,9,9,1,9,1,9,1,1
2007,4,4,10,2,9,2,9,1,9,9,1,1,1,9,1,1,9,9,1,1,9,1,9,1,1,1,1,1,1,9,1,1,1,1,9,1,9,1,1,1,1,1,9,1,9,1,1,1,1,1,9,9,1,9,9,9,1,1,9,9,9,1,9,9,1,9,1,9,1,0
2007,4,4,11,1,9,1,9,1,1,9,1,1,1,9,1,1,9,9,1,1,9,1,9,1,1,1,1,1,1,9,1,9,1,1,9,1,9,1,1,1,1,1,9,9,9,1,1,1,1,1,1,9,1,9,9,9,1,1,9,9,1,1,1,9,1,9,1,9,1,1
2007,4,4,12,1,9,1,9,1,1,9,1,1,1,9,1,1,9,9,1,1,9,1,9,1,1,9,1,1,9,9,1,9,1,1,9,1,9,1,1,1,1,1,9,1,9,1,1,1,1,1,1,9,1,9,9,9,1,1,9,9,1,1,1,9,1,9,1,9,1,1
2007,4,4,13,1,9,1,9,1,1,9,1,1,9,9,1,1,9,9,1,1,9,1,9,1,1,9,1,1,1,9,1,1,1,1,9,1,9,1,1,1,1,1,1,1,9,1,1,1,1,1,1,9,1,9,9,9,1,1,9,9,1,1,1,9,1,9,1,9,1,1
2007,4,10,14,1,9,1,9,1,1,9,1,9,9,9,1,1,9,9,1,1,9,1,9,1,1,1,1,1,9,9,1,9,1,1,9,1,9,1,1,1,1,1,1,1,9,1,1,1,1,1,1,9,1,9,9,9,1,1,9,9,1,1,1,9,1,9,1,9,1,1
2007,4,10,1,1,1,1,1,1,1,9,1,9,1,9,1,9,1,9,9,1,9,1,9,1,9,1,9,1,1,9,1,1,9,9,9,1,1,1,1,1,1,1,9,9,1,1,9,1,9,9,1,9,9,1,9,1,1,1,1,1,1,1,1,1,1,1,1,1,1,1
2007,4,10,2,2,2,2,2,1,1,9,1,9,9,1,9,9,1,9,9,1,9,1,9,1,9,1,1,1,9,9,1,1,9,1,9,1,1,1,1,1,1,1,1,9,1,1,1,1,1,1,1,9,9,1,9,1,1,1,1,9,1,1,1,9,1,9,1,1,9,0
2007,4,10,3,9,1,1,1,1,1,9,1,9,9,9,1,1,1,9,1,1,9,1,9,1,9,9,1,3,9,9,1,1,9,1,9,1,9,1,1,1,1,1,1,1,1,1,1,1,1,1,1,9,1,1,9,1,1,1,1,1,1,1,1,9,1,1,1,1,9,1
2007,4,10,4,1,2,1,9,9,9,9,1,9,1,9,1,9,1,9,1,1,9,9,9,1,9,9,3,9,9,9,3,3,9,3,3,3,9,3,3,1,3,3,9,9,3,3,3,3,3,3,3,9,3,1,9,3,2,3,1,1,1,1,1,1,9,1,1,1,9,0
2007,4,10,5,1,1,1,9,9,1,9,1,9,1,9,9,1,1,9,9,1,9,1,9,1,9,9,1,9,1,9,1,9,9,9,9,1,9,1,1,1,1,1,1,9,1,1,1,1,9,1,1,9,1,1,9,9,1,1,1,1,1,1,1,1,9,1,1,1,9,1
2007,4,10,6,1,1,1,1,9,9,9,1,9,1,1,1,1,1,9,9,1,9,9,9,1,1,9,1,9,1,9,1,1,9,9,9,1,9,1,1,1,9,1,1,9,1,1,1,1,1,1,1,9,1,1,9,9,1,1,1,1,1,9,1,1,9,1,1,1,9,1
2007,4,10,7,1,1,1,1,9,1,9,1,9,1,1,9,1,1,1,9,1,9,1,9,1,1,9,1,1,1,9,1,9,1,1,9,1,9,1,1,1,9,1,1,1,1,1,1,1,1,1,1,9,1,1,9,9,1,1,1,1,1,9,1,1,1,1,1,1,9,1
2007,4,10,8,1,1,9,1,9,1,9,1,9,1,1,9,1,1,1,9,1,9,1,9,1,1,9,1,1,1,9,1,1,1,1,9,1,1,1,1,1,9,1,1,1,9,9,9,1,9,1,9,9,1,1,9,9,1,1,9,1,9,9,9,1,1,1,1,1,9,1
2007,4,10,9,1,1,9,1,9,1,9,1,9,1,1,9,1,1,1,9,9,9,1,9,1,1,9,1,1,1,9,1,1,1,1,9,1,1,1,1,1,1,1,1,1,9,1,9,1,1,1,9,1,1,1,9,9,1,1,9,9,1,9,1,1,1,1,9,9,9,1
2007,4,10,10,1,1,9,9,9,1,9,1,9,1,1,9,1,9,9,9,1,9,1,9,1,1,9,1,1,1,9,1,1,1,1,9,1,1,1,1,1,1,1,1,1,9,1,9,1,1,1,9,1,1,1,9,9,1,1,9,1,1,1,1,1,1,1,9,9,9,1
2007,4,10,11,1,1,9,9,9,1,9,1,9,1,1,9,1,9,9,9,1,9,1,9,1,1,9,1,1,1,9,1,9,1,1,9,1,1,1,1,1,1,1,1,1,9,1,9,1,1,1,9,1,1,1,1,1,1,1,9,9,9,1,1,9,1,1,9,9,9,1
2007,4,10,12,1,1,9,9,1,1,9,1,9,1,1,9,1,1,1,9,1,9,1,9,1,1,9,1,1,1,9,1,1,1,9,9,1,1,1,1,1,1,1,1,1,9,1,9,1,1,1,9,1,1,1,1,1,1,1,9,9,9,1,1,9,1,1,9,9,9,1
2007,4,10,13,1,1,9,9,1,1,9,1,9,1,1,9,1,1,9,9,9,9,1,9,1,1,9,1,1,1,9,1,1,1,1,9,1,1,1,1,1,1,1,1,1,9,1,9,1,1,1,9,1,1,1,1,9,1,1,9,9,9,1,1,9,1,1,9,9,9,1
2007,4,10,14,1,1,9,1,2,2,9,2,2,2,2,9,2,2,2,2,2,9,2,9,2,1,9,1,1,1,9,1,1,1,1,9,1,1,1,1,1,1,1,1,1,1,1,9,1,1,1,9,1,1,1,1,1,1,1,9,9,1,1,1,9,1,1,1,9,1,0
2007,4,12,1,1,1,9,9,1,9,9,1,1,1,1,1,9,9,1,1,1,1,9,1,1,1,9,9,1,9,1,1,9,1,1,9,1,9,1,9,1,1,9,1,9,9,1,1,9,9,9,1,9,9,1,1,9,9,1,9,1,9,9,9,9,9,9,9,1,1,1
2007,4,12,2,1,1,1,9,1,9,9,1,1,1,1,1,9,9,9,1,1,9,9,1,1,1,9,1,1,9,1,1,9,1,1,9,1,9,1,1,1,1,1,1,1,9,9,1,9,9,1,1,9,9,1,1,9,9,1,9,1,9,1,1,1,9,9,1,1,1,1
2007,4,12,3,1,1,1,1,1,1,9,1,9,9,1,1,9,9,9,1,1,9,9,1,1,1,9,1,1,9,1,1,9,1,1,9,1,1,1,1,1,1,1,1,1,9,9,1,9,1,1,1,9,9,9,1,9,9,1,9,1,9,1,9,9,9,9,1,1,1,1
2007,4,12,4,1,1,1,1,1,1,9,1,9,1,1,1,9,9,1,1,1,9,9,1,1,1,9,1,1,1,1,1,9,1,1,9,1,1,1,1,1,1,1,1,1,9,9,1,9,1,1,1,1,9,1,1,9,1,1,9,1,9,9,9,9,9,9,9,1,1,1
2007,4,12,5,1,1,9,1,1,1,9,1,1,1,1,1,9,9,1,1,1,1,9,1,9,1,9,1,9,9,1,1,9,1,1,1,1,1,1,1,1,1,1,1,1,9,1,1,1,1,1,9,1,1,1,1,1,1,1,9,1,9,9,1,1,1,9,9,9,9,1
2007,4,12,6,1,1,9,1,1,1,9,1,1,1,1,1,9,9,1,1,1,1,1,1,1,1,9,1,9,9,9,1,9,9,1,1,1,1,1,1,1,1,1,1,1,9,1,1,1,1,1,9,1,1,1,1,1,1,1,9,1,9,1,1,1,1,9,9,9,9,1
2007,4,12,7,1,1,9,1,1,9,9,1,1,1,1,1,9,9,1,1,1,1,1,9,1,1,9,1,1,9,9,9,9,9,1,1,1,9,1,1,1,1,1,1,1,9,1,1,1,2,1,1,1,1,1,1,9,1,1,9,1,9,1,1,1,1,9,1,9,9,0
2007,4,12,8,1,1,9,1,1,9,1,1,1,1,1,1,9,1,1,1,1,1,1,9,1,1,9,1,1,9,9,9,9,9,1,9,1,9,1,1,1,1,1,1,1,9,1,1,1,1,1,1,1,9,9,1,9,1,1,9,1,9,1,1,1,1,9,9,9,9,1
2007,4,12,9,1,1,9,1,1,1,1,1,1,1,1,1,9,1,1,1,1,1,1,9,1,1,9,1,1,9,9,9,1,9,1,9,1,1,1,1,1,1,9,1,1,9,1,1,1,9,1,1,1,9,1,1,9,1,1,9,1,9,1,1,1,1,9,1,9,9,1
2007,4,12,10,1,1,9,9,1,1,1,1,1,1,1,1,9,1,1,1,1,1,1,9,1,1,9,1,2,9,9,9,1,9,1,9,1,1,9,1,1,2,1,1,9,9,1,1,2,9,2,9,9,9,1,1,9,2,1,9,1,9,1,1,1,1,9,1,9,1,0
2007,4,12,11,1,1,1,9,1,1,1,1,9,9,1,1,9,9,1,1,1,1,1,9,1,1,9,9,1,9,9,9,9,9,9,9,1,1,1,1,9,9,9,1,1,9,1,1,1,9,9,1,1,9,9,1,9,1,9,9,1,9,1,1,1,1,9,9,9,1,1
2007,4,12,12,9,1,1,9,1,1,1,1,9,9,1,1,9,9,1,1,1,9,1,9,1,1,9,1,1,9,9,1,9,9,9,9,1,1,1,9,9,9,9,1,1,9,1,1,1,9,9,1,1,9,9,9,9,1,9,9,1,9,1,1,1,1,9,9,9,1,1
2007,4,17,1,1,1,1,1,1,1,9,1,9,1,1,1,1,1,1,1,1,1,1,1,1,1,1,1,1,1,9,1,1,1,1,1,1,1,1,1,1,1,9,1,1,9,1,1,9,1,9,1,1,1,1,1,9,1,1,1,9,1,9,1,1,1,1,9,1,1,1
2007,4,17,2,1,1,1,1,1,1,1,1,1,1,1,1,1,1,1,1,1,1,1,1,9,1,1,1,1,9,9,1,1,1,1,1,1,9,1,1,1,1,9,1,1,9,1,1,9,1,9,1,1,1,1,1,9,1,1,1,9,1,9,1,1,1,1,9,1,1,1
2007,4,17,3,1,1,1,9,1,1,1,1,1,9,1,1,1,1,9,1,9,1,1,1,9,1,1,1,9,9,9,1,1,1,1,1,1,1,1,9,1,1,9,1,9,9,1,1,1,1,9,1,9,1,1,9,1,1,1,1,1,1,9,1,9,1,1,9,1,1,1
2007,4,17,4,2,2,3,3,1,1,1,1,1,1,1,1,1,1,1,1,1,1,1,1,1,2,2,2,2,2,2,2,2,2,2,2,2,2,2,2,2,2,2,2,2,9,2,2,2,2,9,2,2,2,2,2,2,2,2,2,2,2,2,2,2,2,9,3,3,2,0
2007,4,19,1,1,1,1,1,1,1,1,1,1,1,1,1,1,1,1,1,1,1,1,1,1,1,1,1,1,1,1,1,1,1,1,1,1,1,1,1,1,1,1,1,1,1,1,1,1,1,9,1,1,1,1,1,1,1,1,1,1,1,9,1,1,1,9,1,9,1,1
2007,4,19,2,1,1,1,9,1,1,9,1,9,9,1,1,1,9,1,1,1,1,1,1,9,1,1,1,1,1,1,1,1,9,1,1,1,1,1,9,1,9,1,1,9,9,1,9,1,9,9,9,9,9,1,1,1,1,1,9,9,9,9,9,1,9,9,9,9,9,1
2007,4,19,3,1,1,1,1,1,1,1,1,1,9,1,1,1,9,1,1,1,1,9,1,1,1,1,1,1,9,1,1,1,1,1,1,1,1,1,9,1,1,1,1,1,1,9,1,1,1,9,1,1,1,1,1,1,1,1,1,1,1,9,1,1,2,9,9,9,9,0
2007,4,19,4,2,2,2,2,2,2,9,9,9,9,2,2,9,9,2,2,2,2,2,9,2,1,1,1,9,9,9,1,9,1,9,1,1,1,1,1,9,1,1,1,1,9,9,1,1,1,9,1,9,1,1,9,9,1,1,1,1,1,9,1,1,1,9,9,9,1,0
2007,4,24,1,2,2,2,2,1,1,1,1,1,1,1,1,1,1,1,1,1,1,1,1,1,2,2,2,2,2,2,2,2,2,2,2,2,2,2,2,2,2,2,2,2,2,2,2,2,2,9,2,2,2,2,2,2,2,2,9,2,2,2,2,2,2,9,1,1,2,0
2007,4,24,2,1,1,1,1,2,2,2,2,2,2,2,2,2,2,2,2,2,2,2,2,2,1,1,1,1,1,1,1,1,1,1,1,1,1,1,1,1,1,1,1,1,1,1,1,1,1,1,1,1,1,1,1,1,1,1,1,1,3,1,1,1,1,1,2,2,1,0
2007,4,24,3,2,2,2,2,1,1,1,1,1,1,1,1,1,1,1,1,1,1,1,1,1,2,2,2,2,2,2,2,2,2,2,2,2,2,2,2,2,2,2,2,2,2,2,2,2,2,9,2,2,2,2,2,9,2,2,2,2,3,2,2,2,2,2,9,1,2,0
2007,4,24,4,1,1,1,1,2,2,9,2,2,2,2,2,2,2,2,2,2,2,2,2,2,1,9,1,1,1,1,1,1,1,1,1,1,1,1,1,1,1,1,1,1,1,1,1,1,1,9,1,1,1,1,1,9,1,1,1,1,3,1,1,1,1,1,9,2,1,0
2007,4,27,1,1,1,1,9,9,1,9,1,1,9,9,1,1,9,9,9,9,1,1,1,9,1,1,1,9,1,1,1,1,1,1,9,1,1,1,9,1,1,9,1,9,9,1,1,1,1,9,1,9,1,9,9,1,9,1,9,9,9,9,1,1,1,9,9,9,1,1
2007,4,27,2,1,1,1,1,9,1,9,1,1,9,9,1,1,9,9,9,9,1,1,1,9,1,1,1,9,1,1,1,1,1,1,9,1,1,1,9,1,1,9,1,9,9,1,1,1,1,9,1,9,1,9,9,1,9,1,9,9,9,9,1,1,1,9,9,9,1,1
2007,4,27,3,1,1,1,1,9,1,9,1,1,1,9,1,9,1,9,9,9,1,1,1,9,1,1,1,9,1,1,1,1,9,1,9,1,1,1,9,1,1,9,1,9,9,1,1,1,1,9,1,1,1,9,9,1,1,1,9,9,9,1,1,1,9,9,9,9,1,1
2007,5,16,1,9,9,9,1,9,9,9,9,2,9,9,9,9,9,9,2,9,9,2,9,9,9,9,9,9,9,9,9,9,9,9,1,9,9,9,9,1,1,9,1,9,9,9,1,9,9,9,9,9,9,1,9,9,9,9,9,9,9,9,9,1,9,9,9,9,9,0
2007,5,23,1,9,9,9,1,9,9,9,9,1,9,9,9,9,9,9,9,9,1,9,9,9,9,9,9,9,9,9,9,9,9,9,2,9,9,9,9,2,2,9,2,9,9,9,2,9,9,9,9,9,9,2,9,9,9,9,9,1,9,9,9,9,9,9,9,2,9,0
2007,5,30,1,9,9,9,1,9,9,1,9,9,9,9,9,9,9,9,1,9,9,1,9,9,9,9,9,9,9,9,9,9,9,9,1,9,9,9,9,1,1,9,1,9,9,9,1,9,9,9,9,9,9,1,9,9,9,9,9,9,9,1,9,3,9,9,9,9,9,1
2007,6,13,1,9,9,9,1,9,9,9,9,1,9,9,9,9,9,9,1,9,9,1,9,9,9,9,9,9,9,9,9,9,9,9,1,9,9,9,9,1,1,9,1,9,9,9,1,9,9,9,9,9,9,9,9,9,9,9,9,9,9,9,9,1,9,9,9,9,9,1
2007,6,13,2,9,9,9,1,9,9,9,9,1,9,9,9,9,9,9,1,9,9,1,9,9,9,9,9,9,9,9,9,9,9,9,1,9,9,9,9,1,1,9,1,9,9,9,1,9,9,9,9,9,9,9,9,9,9,9,9,9,9,9,9,1,9,9,9,9,9,1
2007,7,18,1,9,9,9,2,9,9,2,9,2,9,9,9,9,9,9,9,9,2,9,9,9,9,9,9,9,9,9,9,9,9,9,1,9,9,9,9,1,1,9,3,9,9,9,2,9,9,9,9,9,9,1,9,9,9,9,9,9,9,1,9,3,9,9,9,1,9,0
2007,8,1,1,9,9,9,9,9,9,9,9,2,9,9,9,9,9,9,9,9,2,2,9,9,9,9,9,9,9,9,9,3,9,9,1,9,9,9,9,1,1,9,9,9,9,9,3,9,9,9,9,9,9,9,9,9,9,9,9,9,9,2,9,9,3,9,9,9,9,0
2007,8,15,1,9,9,9,1,9,9,1,9,9,9,9,9,9,9,9,9,9,1,1,9,9,9,9,9,9,9,9,9,9,9,9,2,9,9,9,9,2,9,9,1,9,9,9,9,9,9,9,9,9,9,9,9,9,9,9,9,9,9,9,9,9,1,9,9,9,9,0
2007,6,26,1,1,1,1,1,1,1,9,1,1,1,1,9,1,1,1,1,9,1,1,9,1,1,1,1,9,1,1,1,1,1,1,1,1,9,1,1,9,1,1,9,1,1,9,1,2,1,9,1,1,9,1,9,9,1,1,1,1,1,1,1,9,1,1,1,9,1,0
2007,6,26,2,1,1,1,1,1,1,9,1,1,1,1,9,1,1,1,1,1,1,1,9,1,1,1,1,9,1,1,1,1,1,1,1,1,9,1,1,9,1,1,1,1,1,9,1,1,1,9,1,1,9,1,9,9,1,1,1,1,1,1,1,9,1,1,1,1,1,1
2007,6,28,1,1,1,1,1,1,1,9,1,1,1,1,1,1,1,9,1,1,1,1,1,9,1,9,1,1,1,9,1,1,1,1,1,1,9,1,9,1,1,9,1,1,1,9,1,1,1,9,1,1,1,1,1,1,9,1,1,1,1,1,1,1,9,1,9,9,1,1
2007,6,28,2,1,1,1,1,9,1,9,1,1,1,1,9,1,1,9,1,1,1,1,1,1,1,9,1,1,1,9,1,1,1,1,9,1,1,1,1,1,1,9,1,1,1,9,1,1,1,9,1,9,1,1,1,1,1,1,1,1,2,3,1,1,9,1,9,9,1,0
2007,6,28,3,1,1,1,1,1,9,9,1,1,1,1,9,1,1,9,1,1,1,1,1,1,1,9,1,1,1,9,1,9,1,1,9,1,9,1,1,1,1,9,1,1,1,9,1,1,1,9,1,9,1,1,1,1,1,1,1,1,1,1,1,1,9,1,9,9,1,1
2007,6,28,4,1,1,1,1,1,9,9,1,1,1,1,9,1,1,9,1,9,1,9,9,1,1,9,1,1,1,9,1,1,1,1,9,1,1,1,1,1,1,9,1,1,1,9,1,1,1,9,1,9,1,1,1,9,1,1,1,1,1,1,1,1,9,1,9,9,1,1
2007,6,28,5,1,1,1,1,1,9,9,1,1,1,1,9,1,1,9,1,1,1,1,1,1,1,9,1,1,1,9,1,1,1,1,1,1,1,1,1,1,1,9,1,1,9,9,1,1,1,9,1,9,1,1,1,9,1,1,1,1,1,1,1,1,9,1,9,9,1,1
2007,6,28,6,1,1,1,1,1,9,9,1,1,1,1,9,1,1,9,1,1,1,1,1,1,1,9,1,1,1,9,1,9,1,1,9,1,1,1,1,1,1,1,1,1,9,9,1,1,1,9,1,1,1,1,1,9,1,1,1,9,1,1,1,1,9,1,9,9,1,1
2007,6,28,7,1,1,1,1,1,9,9,1,1,1,1,9,1,1,9,1,1,9,1,1,1,1,9,1,1,1,9,1,9,1,1,1,1,1,9,9,1,9,1,1,1,9,9,1,1,1,9,1,1,1,1,1,9,1,1,1,9,1,1,9,1,9,1,9,9,1,1
2007,6,28,8,1,1,1,1,9,9,9,1,9,1,1,9,9,1,9,1,1,9,1,1,1,1,9,1,9,1,9,1,1,1,1,1,1,1,1,1,1,1,1,1,1,9,9,1,9,1,9,1,1,1,1,1,1,1,1,1,1,1,1,1,1,9,1,9,9,1,1
2007,6,28,9,1,1,1,1,1,9,9,1,1,1,1,9,1,1,9,1,1,1,1,1,1,1,9,1,9,9,9,1,1,9,1,1,1,1,1,1,1,1,9,1,1,9,9,9,1,1,9,1,9,1,1,1,1,9,1,1,1,1,9,1,1,9,1,9,9,1,1
2007,6,28,10,9,2,2,2,2,9,9,2,2,9,2,9,9,2,2,9,2,2,2,2,2,1,9,1,1,1,9,1,1,1,1,1,1,1,1,9,1,1,9,1,9,1,9,1,1,9,9,1,9,1,1,1,1,1,1,2,2,2,9,2,2,9,2,9,9,2,0
2007,6,28,11,9,2,2,2,2,9,9,2,2,9,2,9,9,2,2,2,2,2,2,2,2,1,9,1,1,1,9,1,1,1,1,1,1,1,1,9,1,1,9,9,9,1,9,1,9,9,9,1,9,1,1,1,9,1,1,2,2,2,9,1,1,9,1,9,9,1,0
2007,6,28,12,9,1,1,1,1,9,9,1,1,9,1,9,9,1,1,1,1,1,1,1,1,1,9,1,1,1,9,1,1,1,1,1,1,1,1,9,1,1,1,1,9,1,9,1,1,9,9,1,9,1,1,1,1,1,1,1,1,1,9,1,1,9,1,9,9,9,1
2007,6,28,13,9,1,1,1,1,9,9,1,1,9,1,9,9,1,1,1,1,1,1,1,9,1,9,1,1,9,9,1,1,1,9,1,1,1,1,9,1,1,1,1,1,1,9,1,1,9,9,1,9,1,1,1,1,1,1,1,1,1,9,1,1,9,1,9,9,9,1
2007,6,28,14,9,1,1,1,9,9,9,1,9,9,1,9,9,1,1,1,1,9,1,1,1,1,9,1,1,9,9,1,1,1,1,1,1,1,9,9,1,1,1,1,1,9,9,1,1,9,9,1,9,1,1,1,1,1,1,1,9,1,9,1,1,9,9,9,9,9,1
2007,6,28,15,9,1,1,1,9,9,9,1,9,9,1,9,9,1,1,1,1,9,1,9,1,1,9,1,1,9,9,1,1,1,1,1,1,1,9,9,1,1,1,1,1,1,9,1,1,9,9,9,9,1,1,1,1,1,1,9,9,1,9,1,1,9,9,9,9,1,1
2007,9,25,1,1,1,1,1,9,1,9,1,1,1,1,1,1,1,1,1,1,1,1,1,9,1,1,1,1,1,1,1,9,1,1,1,9,9,1,1,1,1,1,1,1,1,9,1,1,1,1,1,9,9,1,9,1,1,1,9,9,9,9,1,9,9,1,9,1,9,1
2007,9,25,2,1,1,1,1,1,1,9,1,9,1,1,1,9,1,1,1,1,1,9,1,9,1,1,1,9,1,1,1,9,1,9,1,9,9,1,1,1,1,1,1,9,9,9,1,1,9,1,1,1,9,1,9,9,1,1,9,9,9,9,9,9,9,1,9,1,1,1
2007,9,25,3,1,1,1,1,1,1,9,1,1,1,1,1,1,1,1,1,9,1,9,1,9,1,1,1,1,1,1,1,9,9,1,1,9,1,9,1,1,1,9,1,9,9,9,1,1,1,1,1,1,9,1,9,9,1,9,9,1,1,9,1,9,9,1,9,1,1,1
2007,9,25,4,1,1,1,1,1,1,9,1,9,9,1,1,1,1,1,1,1,1,1,1,1,1,1,1,1,1,1,1,9,1,1,1,1,1,1,9,1,1,1,1,1,9,9,1,1,1,1,1,9,9,1,9,9,1,1,9,1,1,1,1,9,9,1,1,9,1,1
2007,9,25,5,1,1,1,1,9,1,1,1,9,1,1,1,1,1,9,1,1,1,1,1,1,1,1,1,1,1,1,1,9,1,1,9,1,1,1,1,1,1,1,9,1,9,9,1,1,1,1,9,9,9,1,9,9,9,1,9,1,1,1,1,9,9,9,1,9,1,1
2007,9,25,6,1,1,1,1,9,1,1,1,9,1,1,1,9,1,9,1,1,1,1,1,1,1,1,1,1,1,1,1,9,1,1,1,1,1,1,1,1,1,1,1,1,9,9,1,1,9,1,1,1,9,9,9,9,1,1,9,1,1,1,1,9,9,1,1,9,9,1
2007,9,25,7,1,1,1,1,1,1,1,1,9,1,1,1,9,1,9,1,1,1,1,1,1,1,1,1,1,9,1,1,9,1,1,1,1,1,9,1,1,1,1,1,1,9,9,1,1,1,1,1,1,9,1,9,9,1,1,9,1,1,1,1,9,9,1,1,1,9,1
2007,9,25,8,1,1,1,1,1,1,1,1,1,9,1,1,1,9,9,9,1,9,1,1,1,1,1,1,3,9,1,1,9,9,1,1,1,1,9,1,1,1,1,1,1,9,9,1,1,9,1,1,1,9,9,9,9,1,1,9,1,1,1,1,9,1,1,9,9,9,1
2007,9,25,9,1,1,1,1,1,1,9,1,1,1,1,1,1,1,9,9,1,9,1,1,1,1,1,1,1,9,1,1,9,9,1,1,1,1,1,1,1,1,1,1,1,9,9,1,1,9,9,1,1,9,9,9,9,1,1,9,1,1,1,9,9,1,1,9,9,9,1
2007,9,25,10,1,1,1,1,1,1,1,1,1,1,1,1,1,1,1,9,1,9,1,1,1,1,9,1,1,9,1,1,9,9,9,9,1,1,1,1,1,1,1,1,1,9,9,1,1,9,1,1,1,9,1,9,9,1,1,9,1,1,1,9,9,1,1,9,9,9,1
2007,9,25,11,1,1,1,1,1,1,9,1,1,1,1,1,9,9,1,1,1,1,1,9,1,1,9,1,2,9,9,1,9,1,9,9,1,9,9,9,9,1,1,1,9,1,1,1,1,1,2,9,9,9,9,9,1,1,1,9,9,1,1,9,9,1,9,9,9,9,0
2007,9,27,1,3,3,3,3,1,1,9,1,1,1,1,9,1,1,1,1,1,1,1,1,9,1,9,1,9,1,1,1,1,1,1,1,1,1,1,1,1,1,1,1,9,1,9,1,1,9,1,9,1,1,9,9,1,1,1,9,1,9,1,1,1,1,1,2,2,1,0
2007,9,27,2,1,1,9,1,9,1,9,1,1,9,1,9,9,1,1,1,1,1,1,1,1,1,9,1,1,9,1,1,9,9,1,9,1,1,9,9,1,9,1,1,1,1,9,9,1,9,1,9,1,1,1,1,1,9,9,9,9,1,9,9,1,1,9,1,9,1,1
2007,9,27,3,1,1,9,1,9,1,1,1,1,1,1,9,9,1,1,1,1,1,1,1,9,1,9,1,1,9,1,9,1,9,1,9,1,1,1,9,1,1,1,9,1,1,9,1,1,9,1,9,1,1,1,1,1,9,9,9,1,9,9,1,9,1,9,9,9,1,1
2007,9,27,4,1,1,1,1,1,1,9,1,9,1,1,9,1,9,1,9,1,1,1,1,1,1,9,1,1,9,9,1,9,9,1,9,1,1,1,1,1,1,1,1,9,1,9,1,1,9,1,9,1,1,1,1,1,1,1,9,2,9,2,1,1,1,1,9,9,9,0
2007,9,27,5,1,1,1,1,2,9,9,2,9,2,2,9,2,9,2,2,9,2,2,2,9,1,9,1,9,9,1,1,9,9,1,9,1,1,9,9,1,9,9,1,9,9,9,1,9,9,9,9,9,9,1,9,9,9,1,9,9,9,9,1,1,1,1,9,9,1,0
2007,9,27,6,1,1,1,1,2,2,9,2,9,2,2,9,2,9,2,2,2,2,2,2,2,1,9,1,9,9,1,1,1,1,1,9,1,1,9,9,1,9,1,1,1,9,9,1,9,9,9,9,9,9,9,9,9,9,1,9,1,9,1,1,1,1,9,9,1,1,0
2007,9,27,7,1,1,1,1,1,1,9,1,1,1,1,9,1,9,1,1,1,1,1,1,9,1,9,1,1,9,1,1,1,1,9,1,1,1,9,9,1,1,1,1,1,1,9,1,1,9,1,9,1,1,9,1,9,9,1,9,9,1,1,9,1,1,1,1,9,1,1
2007,9,27,8,1,1,1,1,1,1,9,1,1,1,1,9,1,9,1,1,1,1,1,1,9,1,9,1,1,9,1,9,1,1,1,1,1,9,9,9,1,1,9,1,9,1,9,1,1,9,1,9,1,1,1,1,9,9,1,9,9,9,1,9,1,1,9,9,9,1,1
2007,9,27,9,1,1,1,1,1,1,9,1,1,1,1,9,9,9,1,1,1,1,1,9,9,1,9,1,1,9,1,9,1,1,1,1,1,1,1,9,1,1,1,1,1,9,9,1,1,1,1,9,1,1,1,1,9,1,1,9,9,1,1,9,1,1,9,1,1,1,1
2007,9,27,10,1,1,1,1,9,9,9,1,1,1,1,9,9,9,1,1,1,1,9,1,9,1,9,9,1,9,1,1,1,1,1,1,1,9,9,9,1,1,1,1,1,1,9,1,9,1,1,9,1,1,1,1,9,1,1,9,9,1,1,9,1,1,9,9,1,1,1
2007,9,27,11,1,1,1,1,9,3,9,3,3,3,3,9,9,9,3,3,3,3,3,3,9,1,9,9,1,9,1,1,1,1,1,1,1,9,1,9,1,1,1,9,1,1,9,1,9,1,1,9,1,1,1,1,9,1,1,9,9,1,1,9,1,1,9,9,1,1,1
2007,10,2,1,1,1,1,1,1,1,1,1,9,1,1,9,9,1,9,1,9,9,1,1,1,1,1,1,1,1,1,1,9,9,1,1,1,1,1,1,1,1,1,1,1,1,9,1,1,9,1,1,1,1,1,9,1,1,1,9,1,1,1,1,9,1,1,1,9,1,1
2007,10,2,2,1,1,1,1,1,1,1,1,1,1,9,9,1,1,9,1,9,9,9,1,1,9,1,1,9,1,1,1,9,9,1,1,1,1,1,9,1,1,9,9,9,1,9,1,9,9,9,1,1,1,1,9,1,1,1,1,1,1,1,1,9,9,1,9,9,1,1
2007,10,2,3,1,1,1,1,1,1,1,1,1,1,9,9,1,9,1,1,9,9,9,9,1,9,1,1,9,1,1,1,9,9,1,1,1,9,1,1,1,1,9,1,9,1,9,9,9,9,9,1,1,1,1,9,1,1,1,1,1,1,9,1,9,9,1,9,9,1,1
2007,10,2,4,1,1,1,1,1,1,1,1,1,9,1,9,1,9,1,1,9,9,9,1,1,1,1,9,1,1,1,9,9,9,1,1,1,1,1,1,1,1,1,1,1,1,9,9,9,9,1,1,1,1,1,9,1,1,1,1,1,1,1,1,9,1,1,9,9,9,1
2007,10,2,5,1,1,1,1,1,1,1,1,1,9,1,9,1,9,1,1,9,9,9,9,9,1,9,1,1,9,1,1,9,9,1,1,1,9,1,1,1,1,1,1,1,9,9,1,9,9,1,9,1,9,1,9,1,1,1,1,2,9,9,1,9,9,1,9,9,9,0
2007,10,2,6,1,1,1,1,1,1,1,1,9,9,1,9,1,9,1,1,9,9,9,1,9,1,9,1,1,1,1,1,9,9,1,1,1,9,9,1,1,1,1,1,1,1,9,9,9,9,1,9,9,1,9,9,1,1,1,1,9,9,9,1,9,1,9,9,9,9,1
2007,10,2,7,1,1,1,1,1,1,1,1,9,9,1,9,1,9,1,1,9,1,9,1,9,1,1,1,1,1,1,1,9,1,9,1,1,9,1,1,1,1,1,1,1,1,1,9,9,1,1,1,1,1,9,9,9,9,1,1,1,9,1,1,1,1,1,9,1,1,1
2007,10,2,8,9,1,1,1,1,1,9,1,9,9,1,9,1,1,1,1,9,1,9,1,1,1,1,1,2,1,1,9,9,1,1,9,1,9,2,1,1,1,1,1,1,1,1,9,9,1,2,1,9,1,1,9,9,2,1,1,1,1,9,1,1,1,1,9,1,1,0
2007,10,2,9,2,2,2,9,2,9,9,2,9,9,2,9,2,2,2,2,2,2,9,2,9,1,1,1,9,1,1,1,9,1,9,1,1,9,1,9,1,1,1,9,1,1,9,1,9,1,1,1,1,1,1,9,9,1,1,1,9,1,1,1,1,1,1,9,2,1,0
2007,10,2,10,1,1,1,1,1,9,9,1,9,1,1,9,1,1,1,1,1,1,9,1,9,1,9,1,9,9,1,1,9,1,1,1,1,9,1,9,1,9,1,9,1,1,9,1,9,9,1,1,1,1,1,9,9,1,1,1,9,1,1,9,1,1,1,9,9,1,1
2007,10,2,11,1,1,1,1,1,9,9,1,9,1,1,9,1,1,1,1,1,1,9,1,9,1,9,1,9,9,1,9,9,1,1,1,1,9,1,1,1,1,1,9,1,9,9,1,9,9,1,1,9,9,1,9,9,1,1,1,1,1,1,1,9,1,1,9,9,1,1
2007,10,2,12,1,1,1,1,1,9,3,1,1,1,1,9,1,1,1,1,1,2,1,1,9,9,9,2,9,9,1,9,1,1,9,1,2,9,9,1,2,1,1,9,9,9,2,1,9,9,1,1,1,1,1,9,1,9,1,1,1,1,1,1,1,9,9,9,9,1,0
2007,10,2,13,2,2,2,2,2,2,2,2,2,2,2,9,2,3,2,2,2,2,2,3,2,9,9,2,9,9,2,2,9,2,9,2,2,9,9,2,9,1,2,2,9,2,2,2,9,9,2,2,2,2,2,9,2,2,2,2,2,2,2,2,2,9,9,2,2,2,0
2007,10,2,14,1,1,1,1,1,1,1,1,1,1,1,9,1,1,1,1,1,1,1,1,9,9,9,9,9,9,1,1,9,1,9,1,9,9,9,1,9,1,1,1,9,1,1,1,9,9,1,1,1,1,1,9,1,9,1,1,1,1,1,1,1,9,9,1,1,1,1
2007,10,2,15,1,1,1,1,1,9,9,1,9,1,1,9,1,9,9,1,1,1,1,1,9,9,9,9,9,9,1,1,9,1,9,1,9,9,9,1,9,1,1,1,9,9,9,1,9,9,1,1,9,1,9,9,1,1,1,1,1,1,1,1,1,9,9,9,1,1,1
2007,10,11,1,9,1,1,1,9,1,9,1,1,1,1,1,9,1,1,1,1,9,1,9,9,1,9,9,9,1,1,9,1,1,1,9,1,1,9,9,1,9,1,1,1,1,9,1,9,9,9,9,9,9,1,9,9,9,1,9,9,9,9,1,9,9,1,9,9,9,1
2007,10,11,2,9,1,1,1,9,1,9,1,9,1,1,1,9,1,1,1,1,1,1,1,1,1,9,9,9,1,1,9,1,1,1,9,1,1,9,9,1,9,1,1,1,1,9,1,9,9,9,9,9,1,1,9,9,9,1,9,9,9,1,1,9,9,1,9,1,9,1
2007,10,11,3,9,1,1,1,9,1,9,1,9,9,1,1,9,1,1,1,1,1,1,9,1,1,1,9,9,1,1,9,1,1,1,9,1,1,9,9,1,9,1,1,1,1,9,1,9,9,9,9,9,1,1,9,9,9,1,9,9,9,1,1,9,9,1,9,1,9,1
2007,10,11,4,9,1,1,1,9,1,1,1,1,1,1,1,9,1,1,1,1,1,1,9,1,1,1,1,9,9,1,9,1,1,1,1,1,9,1,9,9,1,9,1,1,9,9,1,9,9,1,9,1,1,1,9,1,1,1,9,9,9,1,9,9,9,1,9,9,9,1
2007,10,11,5,9,1,1,1,9,1,1,1,9,1,1,1,9,1,1,9,9,1,9,9,9,1,9,1,9,9,1,9,1,9,1,1,1,1,1,9,1,1,9,1,1,9,9,9,9,9,1,9,1,1,1,1,9,1,1,9,9,9,1,9,9,9,1,9,9,9,1
2007,10,11,6,9,1,1,1,9,1,1,1,1,1,1,1,9,1,1,9,1,1,1,1,1,1,9,1,9,9,1,9,1,9,1,2,1,1,2,9,2,2,9,1,9,9,9,1,9,9,2,9,2,2,9,2,9,2,1,9,9,9,1,9,9,9,1,9,9,9,0
2007,10,16,1,1,1,1,1,1,1,1,1,1,1,1,1,1,1,1,1,2,1,1,9,9,1,1,1,1,1,1,9,1,1,1,1,1,1,9,1,1,2,1,1,1,1,9,1,1,1,1,9,1,9,1,1,9,1,1,9,9,1,9,1,9,9,1,9,1,1,0
2007,10,16,2,1,1,1,1,1,1,1,1,1,1,1,1,1,1,9,1,1,1,1,1,1,2,2,2,2,9,2,9,9,2,2,2,2,2,9,9,2,2,2,2,2,2,9,2,2,2,1,2,2,9,2,2,9,2,2,9,1,1,9,2,2,9,1,9,1,2,0
2007,10,16,3,1,1,1,1,9,1,1,1,1,1,1,1,9,9,1,1,9,1,1,1,1,1,1,1,1,1,1,9,9,1,1,9,1,1,9,9,1,1,1,1,1,1,9,1,1,1,1,9,1,9,9,1,9,1,1,9,9,1,9,1,1,9,1,9,1,9,1
2007,10,16,4,1,1,1,1,1,9,1,1,1,1,1,1,9,9,1,1,9,1,1,1,1,1,1,1,1,9,1,9,9,1,1,9,1,1,9,9,1,1,1,1,1,1,9,1,1,1,1,9,9,9,1,9,9,1,1,1,9,1,1,1,1,1,1,9,9,9,1
2007,10,16,5,1,1,1,1,1,9,1,1,1,1,1,1,9,9,9,1,9,9,1,1,9,1,1,1,1,1,1,1,9,1,1,9,1,1,9,9,1,1,1,1,1,1,9,1,1,1,1,9,9,9,1,9,9,1,1,1,9,1,1,1,1,1,1,9,9,1,1
2007,10,16,6,1,1,1,1,1,1,1,1,1,1,1,1,1,1,1,1,9,1,1,1,9,1,1,1,1,1,9,1,9,1,9,1,1,9,1,1,1,1,1,1,1,9,9,1,1,1,1,9,9,9,1,1,9,1,1,1,9,1,9,1,9,1,1,9,9,1,1
2007,10,16,7,1,1,1,1,1,1,9,1,1,1,1,1,1,1,1,1,1,1,9,1,9,1,1,1,1,1,9,1,9,1,9,1,1,1,1,1,1,1,1,1,1,1,9,1,1,9,1,9,9,9,9,1,9,1,1,1,1,9,9,1,1,1,1,9,9,9,1
2007,10,16,8,1,1,1,1,1,1,1,1,1,1,1,1,9,1,1,1,1,1,1,1,9,1,1,1,1,1,9,1,9,9,9,1,1,1,1,1,1,1,1,1,1,9,9,9,1,1,1,1,1,9,9,1,9,1,1,1,9,1,1,1,1,1,9,9,9,1,1
2007,10,16,9,1,1,1,1,9,1,1,1,1,1,1,1,1,9,1,1,1,1,1,1,1,1,9,9,9,1,9,9,1,1,1,1,1,1,1,9,1,1,1,1,1,1,9,1,1,1,1,1,1,9,1,1,1,1,1,9,9,1,1,1,1,1,1,9,9,1,1
2007,10,16,10,1,1,1,1,9,1,1,1,1,1,1,1,9,9,9,9,1,1,1,1,1,1,9,9,9,9,9,9,9,1,1,1,1,1,1,9,1,1,1,1,9,1,9,1,1,1,1,1,1,9,9,9,1,1,1,1,9,1,1,1,1,1,1,9,9,1,1
2007,10,16,11,2,2,2,2,9,1,9,9,1,1,1,1,1,1,1,1,1,1,1,1,9,1,9,9,2,9,9,9,1,1,9,9,9,1,2,9,9,2,2,1,9,9,9,1,9,2,2,9,9,9,9,2,2,9,1,1,9,1,1,1,1,9,9,9,9,9,0
2007,10,16,12,1,1,9,2,9,2,9,9,2,2,9,9,2,2,2,2,2,9,2,9,2,3,9,9,9,9,9,9,9,3,9,9,9,3,1,9,9,1,1,3,9,9,9,1,9,1,1,9,9,1,9,9,1,1,9,2,9,9,2,2,2,9,9,9,9,9,0
2007,10,18,1,1,1,1,1,1,9,9,9,1,1,1,9,1,1,9,1,1,1,1,9,1,1,9,1,9,1,1,1,9,1,1,9,1,9,3,1,1,9,9,9,1,9,9,1,9,9,9,9,9,9,9,9,9,9,1,9,9,1,1,1,9,1,1,9,9,1,1
2007,10,18,2,1,1,1,1,1,9,9,9,1,1,1,9,1,1,9,1,1,1,1,9,9,1,9,1,9,1,1,1,9,9,1,9,1,9,1,1,1,9,9,9,1,1,9,1,9,9,9,1,9,9,9,9,9,9,9,9,9,9,1,1,9,1,1,9,1,1,1
2007,10,18,3,1,1,1,9,9,9,9,9,1,1,1,9,1,1,9,1,1,1,1,9,9,1,3,1,1,9,1,1,9,1,1,9,1,9,9,9,1,2,1,9,1,9,9,9,9,9,1,1,9,9,1,9,1,9,9,9,9,1,1,1,9,1,1,9,1,1,0
2007,10,18,4,1,1,1,1,1,9,9,9,9,1,1,9,1,1,1,1,1,1,1,9,9,1,9,9,9,1,1,2,9,1,2,9,1,9,1,1,1,9,1,9,1,1,1,9,9,9,1,1,9,1,1,9,3,1,1,9,9,9,1,9,9,1,1,9,1,1,0
2007,10,18,5,3,3,3,3,1,9,9,1,9,1,1,9,1,1,9,1,1,1,1,9,9,1,9,9,1,9,1,1,9,1,9,9,1,9,9,1,1,9,1,9,1,9,9,9,9,1,9,1,1,1,1,9,9,9,1,9,9,1,1,9,9,1,1,9,1,9,1
2007,10,18,6,1,1,1,1,1,9,9,1,1,1,1,9,1,1,9,1,1,1,1,9,9,1,9,9,1,9,1,1,9,1,9,9,1,9,1,1,1,9,1,1,1,1,1,9,1,1,9,1,1,1,1,9,9,9,1,9,9,1,1,9,9,1,1,9,1,9,1
2007,10,18,7,1,1,1,1,1,9,9,1,1,1,1,9,1,1,1,1,1,1,1,1,9,9,9,9,1,9,1,1,9,1,1,9,1,9,1,1,1,9,1,1,1,9,9,9,9,1,9,1,9,1,1,9,9,1,1,9,9,1,1,9,9,1,9,9,9,9,1
2007,10,18,8,9,1,1,1,1,1,9,1,9,9,1,9,1,1,9,1,1,1,1,9,9,1,9,9,1,9,1,1,9,1,1,9,1,9,1,1,1,9,1,9,9,1,1,9,9,1,1,1,9,1,1,9,9,1,1,9,9,1,1,9,9,1,9,9,9,9,1
2007,10,18,9,2,1,2,9,9,9,9,2,9,9,9,9,9,9,9,9,9,2,9,9,9,9,9,9,1,9,9,9,9,1,1,1,1,9,9,9,1,9,1,9,1,9,9,1,1,1,1,1,9,9,9,9,1,9,1,9,9,1,1,9,9,9,1,9,9,9,0
2007,10,23,1,9,1,1,1,1,1,1,1,1,1,1,1,1,1,9,1,1,1,1,9,1,1,1,1,1,9,1,9,1,9,9,9,1,9,9,9,1,1,1,1,1,9,1,9,9,1,1,1,1,1,1,9,1,9,1,9,1,9,1,1,9,1,1,9,1,9,1
2007,10,23,2,9,1,1,1,1,1,1,1,1,1,1,1,9,1,9,9,1,1,1,1,1,2,2,2,3,1,2,9,2,9,9,9,2,9,9,9,2,2,2,2,2,9,2,9,9,2,2,2,9,2,2,2,2,9,2,9,2,9,9,2,9,2,2,9,9,2,0
2007,10,23,3,9,1,1,1,1,1,9,1,1,1,1,1,1,1,9,1,1,1,1,1,1,1,1,1,1,1,1,9,1,9,1,9,1,9,9,9,1,1,1,1,1,9,1,9,9,1,1,1,9,1,1,2,9,1,1,9,1,9,9,1,9,1,1,9,9,1,0
2007,10,23,4,9,1,1,1,9,9,9,1,1,1,1,1,1,1,9,1,1,1,1,1,1,1,1,9,1,1,1,9,1,9,1,9,1,9,9,9,1,1,1,1,1,9,1,1,9,1,1,1,9,1,1,1,1,1,1,9,9,9,9,9,9,1,1,9,9,1,1
2007,10,23,5,9,1,1,1,9,1,9,1,1,1,1,1,9,1,9,1,1,1,1,1,1,9,1,9,9,1,1,1,1,9,1,9,1,9,1,1,1,1,1,1,9,9,1,1,9,1,1,1,9,1,1,1,9,1,1,9,9,9,9,9,9,1,1,9,9,1,1
2007,10,23,6,9,3,1,1,9,1,9,1,1,1,1,1,9,1,9,1,1,1,1,1,1,1,2,9,9,1,1,9,1,9,1,2,1,9,2,1,2,2,9,9,9,9,1,1,9,2,2,9,9,2,1,2,2,2,9,9,1,9,1,9,9,1,1,1,9,1,0
2007,10,23,7,2,2,2,2,2,2,2,2,2,2,2,9,2,2,9,2,2,2,2,2,2,1,9,1,9,9,1,1,9,9,9,1,9,1,1,9,1,1,1,9,9,1,9,1,1,1,1,9,1,1,1,1,1,1,1,9,2,9,2,1,1,1,1,1,9,1,0
2007,10,23,8,9,2,2,2,2,2,9,2,2,2,2,9,2,2,9,2,2,9,2,2,2,1,9,1,9,1,1,1,9,9,9,1,9,1,1,9,1,1,1,9,9,1,1,1,1,1,1,9,1,1,1,1,1,1,1,9,2,9,2,1,1,1,1,1,9,1,0
2007,10,23,9,9,1,1,1,2,2,9,2,2,2,2,9,2,2,9,2,2,2,2,2,9,1,9,1,1,9,1,1,9,9,9,1,1,1,1,9,1,1,1,9,1,9,1,1,1,1,1,9,1,1,1,1,1,1,1,9,2,9,2,1,9,1,1,1,9,1,0
2007,10,23,10,9,1,1,1,1,1,9,1,1,1,1,9,1,1,9,1,1,1,9,1,9,1,9,1,1,9,1,1,9,9,9,1,1,1,1,9,1,1,1,9,1,9,1,1,1,1,1,9,1,1,1,1,1,1,1,9,1,9,1,1,1,1,9,1,9,1,1
2007,10,23,11,9,1,1,1,1,1,9,1,1,1,1,9,9,1,9,9,1,1,1,9,9,1,9,1,2,9,1,1,9,9,9,9,9,1,2,9,9,2,2,9,9,9,1,1,2,9,2,9,2,9,1,1,9,2,1,9,9,9,1,1,9,9,9,9,9,9,0
2007,10,23,12,9,1,1,1,1,1,1,1,1,1,1,9,9,1,9,9,1,1,1,1,1,1,9,1,9,9,1,1,9,9,9,9,9,1,2,9,9,2,2,9,9,9,1,1,2,9,2,9,9,9,1,2,9,9,1,9,9,9,1,1,9,1,9,9,9,1,0
2007,10,23,13,9,1,1,1,1,1,1,1,1,9,1,9,9,1,9,9,1,1,1,1,1,1,9,1,9,9,1,1,9,9,9,9,9,1,9,9,9,2,1,1,9,9,1,1,9,9,9,1,9,9,1,9,9,9,1,9,9,9,1,1,9,1,9,9,9,1,0
2007,10,30,1,1,1,1,1,1,1,1,1,1,1,1,9,1,1,1,9,1,1,1,9,1,1,1,9,1,1,1,1,1,9,1,1,1,1,1,9,1,9,9,9,1,1,9,1,9,1,1,1,1,9,9,1,1,1,1,1,9,9,1,9,9,1,9,1,1,9,1
2007,10,30,2,2,2,2,2,2,2,2,2,2,2,2,9,2,2,2,9,2,2,2,2,9,1,1,1,1,9,1,1,1,9,1,1,1,1,1,1,1,9,9,1,1,1,1,1,1,1,1,1,1,9,9,9,1,1,1,2,9,9,2,2,9,2,9,9,9,2,0
2007,10,30,3,1,1,1,1,1,1,1,1,1,1,1,9,1,1,1,9,1,1,1,1,9,1,1,9,9,9,1,1,1,9,1,1,1,9,9,1,1,9,9,9,1,1,9,1,9,1,1,1,1,9,9,9,1,1,1,1,9,9,1,1,9,1,9,9,9,9,1
2007,10,30,4,1,1,1,1,1,1,1,1,1,1,1,9,1,1,1,9,1,1,1,1,1,1,1,9,1,9,1,1,1,9,1,1,1,9,9,1,1,9,9,9,1,1,9,1,9,1,1,1,1,1,9,1,1,1,9,1,9,9,1,9,9,9,9,9,1,9,1
2007,10,30,5,1,1,1,1,1,1,9,1,1,1,1,9,1,1,1,9,1,1,1,1,1,1,9,9,9,9,1,1,1,9,1,9,1,9,9,1,1,9,9,1,1,9,9,1,1,1,1,1,1,1,9,1,9,1,1,1,9,9,1,1,9,1,9,9,1,9,1
2007,10,30,6,1,1,1,1,1,1,9,1,1,9,1,9,1,1,1,9,1,9,1,1,1,1,9,9,9,9,1,1,9,9,1,9,1,1,9,1,1,9,9,1,1,9,9,1,9,9,1,1,1,1,1,9,9,1,1,1,9,9,9,1,9,1,9,9,9,9,1
2007,10,30,7,1,1,1,1,1,1,9,1,1,1,9,9,9,1,1,9,1,1,1,1,1,1,9,9,9,9,1,1,9,9,1,9,1,1,9,1,1,9,9,9,1,9,9,1,9,9,1,9,1,1,1,1,9,1,1,1,9,9,9,9,9,1,9,9,9,9,1
2007,10,30,8,1,1,1,1,1,9,1,1,1,1,1,9,1,1,1,9,1,1,1,1,1,1,9,9,9,1,1,1,9,9,1,9,1,9,9,1,1,9,2,1,1,1,9,1,9,9,3,9,1,1,1,9,9,2,1,1,9,9,9,9,9,1,9,1,9,9,0
2007,10,30,9,1,1,1,1,1,1,1,1,1,1,1,9,1,9,9,9,1,1,1,1,1,1,1,1,9,1,1,1,1,9,1,1,1,1,9,1,1,9,1,1,9,1,9,9,1,1,1,9,9,1,1,9,9,1,1,1,9,9,1,1,9,1,9,9,9,9,1
2007,10,30,1,1,1,1,1,1,9,9,1,1,9,1,9,1,1,9,9,1,1,1,1,1,1,9,1,9,1,1,1,1,9,1,9,1,9,1,1,1,9,1,1,1,9,9,1,9,9,1,9,9,1,1,9,9,9,1,1,9,1,1,1,9,9,1,9,9,9,1
2007,10,30,2,1,1,1,1,1,9,9,1,1,9,1,1,1,1,9,9,1,1,1,1,1,1,9,1,1,1,1,1,1,9,1,9,1,9,1,1,1,9,1,1,1,9,9,1,9,9,1,9,1,1,1,9,9,9,9,1,9,1,1,1,9,9,1,9,1,1,1
2007,10,30,3,1,1,1,1,1,9,9,1,1,1,1,1,1,1,9,9,1,1,1,1,1,1,1,1,1,1,1,9,1,9,1,1,1,9,1,1,1,9,1,1,9,9,9,1,9,1,1,9,1,1,1,9,9,9,1,1,9,1,1,1,9,9,1,9,9,1,1
2007,10,30,4,1,1,1,1,1,9,9,1,1,1,1,1,1,1,9,9,1,9,1,1,1,9,9,1,9,1,1,9,1,9,1,9,1,9,1,9,1,1,1,9,9,9,9,1,1,1,1,9,1,1,1,9,1,1,1,1,9,1,1,1,9,9,1,9,9,1,1
2007,10,30,5,1,1,1,1,1,9,9,1,1,1,1,1,9,1,9,9,1,1,1,1,1,1,1,9,9,1,1,1,9,9,1,9,1,9,1,1,1,3,1,1,9,9,9,1,3,1,1,9,1,1,1,1,9,1,1,1,9,1,1,1,1,1,1,9,1,1,1
2007,10,30,6,1,1,1,1,1,9,1,1,1,1,1,1,1,1,9,9,1,1,1,1,1,1,1,9,9,9,1,1,9,9,1,9,1,9,9,1,1,1,1,1,9,9,9,1,1,1,1,9,9,1,1,1,9,9,9,1,9,1,1,1,1,1,1,9,1,1,1
2007,10,30,7,1,1,1,1,1,1,1,1,1,1,1,9,1,1,9,9,1,1,1,1,1,1,9,1,1,9,9,1,9,9,9,9,9,9,1,9,1,9,1,1,9,1,9,1,1,1,1,1,9,9,1,1,9,1,1,1,9,9,1,1,9,1,1,9,1,1,1
2007,11,6,1,1,1,9,1,9,1,1,1,1,1,1,1,9,1,1,1,1,9,9,1,1,2,9,2,9,9,2,2,2,2,2,9,2,9,2,9,2,2,9,2,2,2,2,2,2,2,2,9,2,9,2,9,9,9,2,1,1,1,1,9,2,9,9,9,2,9,0
2007,11,6,2,9,1,1,1,1,1,1,1,1,1,1,1,1,1,1,1,1,1,9,9,1,1,9,1,2,1,1,1,1,1,1,9,1,1,1,1,1,1,1,1,1,1,9,1,1,1,1,1,1,9,9,9,9,1,1,1,1,1,9,1,1,9,9,9,9,1,0
2007,11,8,1,9,1,9,1,1,1,9,1,1,1,1,1,1,1,9,1,1,1,1,1,1,9,9,2,9,9,2,2,2,2,9,2,2,9,2,2,2,2,2,2,2,2,9,9,2,2,2,9,2,9,2,9,2,9,2,9,1,1,1,9,9,9,1,9,1,2,0
2007,11,8,2,9,1,9,1,1,1,9,1,1,9,1,1,1,1,9,1,1,1,1,1,1,1,9,1,9,9,9,9,1,1,9,9,1,9,9,9,1,1,1,9,1,1,1,9,1,1,1,9,1,9,1,9,1,9,1,9,1,1,1,9,9,9,1,9,1,1,1
2007,11,13,1,1,1,9,1,9,1,9,9,1,1,1,1,9,9,1,1,1,1,1,1,1,1,9,1,1,1,1,1,9,1,1,1,1,1,1,1,1,1,9,9,9,9,9,9,1,9,1,9,9,9,9,1,1,9,1,1,1,1,1,1,1,9,1,9,9,1,1
2007,11,13,2,1,1,1,1,9,1,9,9,1,9,1,1,9,9,1,1,1,1,1,1,1,1,9,1,1,1,1,1,9,1,9,1,1,9,1,1,1,1,1,9,9,9,9,9,1,1,1,9,9,9,9,9,9,9,1,1,1,1,1,9,1,9,9,9,9,9,1
2007,11,13,3,1,1,1,1,9,1,9,9,1,9,1,1,9,9,1,1,1,1,1,9,1,1,9,1,1,1,1,1,9,1,9,1,1,9,1,1,1,1,1,9,9,9,9,1,1,1,1,9,9,9,9,1,1,9,1,1,1,1,1,9,9,9,9,9,9,9,1
2007,11,13,4,1,1,1,1,9,1,9,9,1,9,1,1,9,9,1,1,1,9,1,9,9,1,9,1,1,1,1,1,9,1,9,1,1,9,9,1,1,1,1,9,9,1,9,1,1,1,1,9,9,9,9,1,9,9,9,1,1,1,1,9,9,9,9,9,9,9,1
2007,11,13,5,1,1,1,1,9,1,9,9,1,1,1,1,9,1,1,1,1,9,1,9,9,1,9,1,1,1,1,1,9,1,1,1,1,1,1,1,1,1,1,9,9,1,9,1,1,1,1,1,9,9,9,1,9,9,1,1,1,1,9,9,9,9,9,9,9,9,1
2007,11,13,6,1,1,1,1,9,1,9,9,1,9,1,1,9,1,9,1,1,9,1,9,1,1,9,1,1,1,1,1,9,1,1,1,1,1,9,1,1,1,1,1,9,1,9,1,9,1,1,1,9,9,9,1,9,9,1,1,9,1,1,9,9,9,9,9,9,9,1
2007,11,13,7,1,1,1,1,9,9,1,9,1,1,1,1,1,9,1,1,1,9,1,1,1,1,9,1,2,2,9,1,9,1,1,1,1,1,2,1,1,1,2,1,9,9,2,1,1,2,1,1,9,1,9,9,1,1,9,1,9,1,1,9,9,9,1,9,9,9,0
2007,11,13,8,1,1,1,1,9,9,1,9,1,1,1,1,1,9,1,1,1,9,1,1,1,1,9,1,1,1,9,9,9,9,1,1,1,1,1,1,1,1,9,1,9,9,9,9,1,1,1,1,9,1,9,1,1,1,9,1,9,1,1,9,9,9,1,9,9,9,1
2007,11,13,9,3,1,3,3,9,9,1,9,9,1,1,1,1,9,1,1,1,9,1,1,1,2,9,2,3,2,9,2,9,9,2,2,2,2,2,2,2,2,9,2,2,9,9,9,2,2,2,2,9,9,9,2,2,2,2,1,9,1,9,9,9,9,2,9,9,9,0
2007,11,13,10,1,1,1,1,9,1,1,9,1,1,1,1,1,9,1,1,1,9,1,1,9,1,9,1,1,1,9,1,9,9,1,1,1,9,1,1,1,1,9,1,1,9,9,1,1,1,1,1,9,9,9,1,1,1,1,1,9,9,9,9,9,1,1,9,9,9,1
2007,11,13,11,1,9,1,1,9,1,1,9,1,1,1,1,1,9,1,1,1,1,9,1,1,1,9,1,1,1,9,1,9,9,1,1,1,9,1,9,1,1,9,1,1,1,9,1,9,1,1,9,1,9,9,1,1,9,9,1,9,1,1,9,9,1,9,9,1,9,1
2007,11,13,12,1,9,1,1,9,1,1,9,1,1,1,1,1,9,1,1,1,1,1,9,1,1,9,1,1,1,9,1,9,9,1,1,1,9,1,9,1,1,9,9,1,9,9,1,9,1,1,9,1,9,9,9,1,1,1,1,9,1,1,9,9,1,9,9,1,9,1
2007,11,15,1,9,1,1,1,1,9,9,1,1,1,1,1,1,1,9,1,1,1,1,9,1,1,1,1,1,9,1,1,1,1,1,1,1,9,3,1,1,1,9,1,1,9,1,1,9,1,9,1,1,9,1,9,9,9,1,9,1,1,1,9,9,9,1,9,9,1,1
2007,11,15,2,9,1,1,1,9,1,9,1,1,1,1,1,1,1,9,1,1,1,1,9,1,1,9,1,1,9,9,1,1,1,1,9,1,9,9,1,1,1,9,1,1,9,1,1,9,1,9,9,1,9,1,1,9,9,1,9,1,9,1,1,9,9,1,9,9,1,1
2007,11,15,3,9,9,1,1,1,1,1,1,1,1,1,1,1,1,9,1,1,1,1,9,1,1,9,1,1,9,1,1,1,9,1,9,1,1,2,9,1,1,9,1,1,9,9,1,9,9,9,9,9,9,1,1,9,2,1,9,1,1,1,1,1,3,1,9,9,1,0
2007,11,15,4,9,9,9,1,1,9,1,1,9,1,9,1,1,1,9,1,9,9,1,9,9,1,1,1,1,9,1,1,9,9,9,9,9,9,9,9,1,1,9,1,9,9,1,9,9,9,9,9,1,9,1,9,9,9,1,9,9,1,9,9,9,9,1,9,9,1,1
2007,11,15,5,9,9,9,1,1,1,1,1,9,1,9,9,1,1,9,1,9,1,1,1,9,1,1,1,1,9,1,1,9,1,9,1,1,1,9,9,1,1,9,1,9,9,1,9,9,1,9,9,1,9,1,9,9,1,1,9,9,1,9,9,1,9,1,9,9,1,1
2007,11,15,6,9,9,9,1,9,1,1,1,9,1,9,9,1,9,9,1,9,9,9,9,9,1,9,1,1,9,9,1,9,1,9,9,1,1,9,9,1,9,9,1,9,9,9,9,1,9,9,9,9,9,1,1,9,9,1,9,1,1,9,9,9,9,1,9,9,1,1
2007,11,15,7,9,1,1,1,1,1,1,1,1,1,9,1,1,1,1,1,1,1,1,1,1,1,1,1,1,9,1,1,1,1,1,9,1,1,9,9,1,1,9,1,1,9,9,9,1,1,9,1,9,9,1,9,9,9,1,9,1,1,1,9,1,1,1,1,9,1,1
2007,11,15,8,9,9,1,1,1,1,1,1,1,1,1,1,1,9,1,1,1,1,1,1,1,1,9,1,1,1,1,1,1,9,1,1,1,1,9,1,1,1,9,1,9,9,9,9,1,1,9,9,9,1,1,1,9,1,1,9,1,1,9,9,9,1,9,1,9,1,1
2007,11,15,9,9,9,1,9,1,1,1,1,1,1,1,1,1,9,1,1,1,1,9,1,9,1,9,9,1,1,1,1,1,9,1,9,1,1,9,1,1,1,9,1,9,9,9,9,1,1,9,1,9,1,1,1,9,9,9,9,9,1,1,9,9,1,9,9,9,9,1
2007,11,15,10,9,9,1,9,1,1,1,1,1,1,1,1,1,9,1,1,1,1,9,1,9,1,1,9,9,1,1,9,1,9,1,9,1,1,9,9,1,1,9,1,9,9,9,9,9,1,9,9,9,1,1,1,9,9,9,9,9,1,1,9,9,1,9,9,9,9,1
2007,11,21,1,9,1,9,1,1,9,9,1,1,1,1,9,1,1,9,1,1,1,1,1,1,1,1,1,9,3,1,1,1,1,1,1,1,1,1,3,1,1,1,9,9,2,9,9,9,1,1,1,9,9,1,1,9,1,9,1,9,1,9,1,9,9,1,9,9,1,0
2007,11,21,2,9,2,9,2,1,9,9,1,1,1,1,9,1,9,9,1,1,1,1,9,1,1,9,1,3,1,1,1,1,1,1,3,1,3,3,3,1,2,2,1,9,9,9,9,9,3,3,1,9,9,1,2,9,3,1,1,9,1,9,3,9,1,1,9,9,3,0
2007,11,21,3,9,1,9,1,2,9,9,2,9,2,2,9,2,9,9,3,2,2,2,9,2,2,9,2,1,9,2,2,2,2,2,1,2,3,1,3,3,1,1,2,9,2,9,2,9,1,9,2,9,9,2,1,9,1,2,3,9,9,9,1,1,1,1,9,9,1,0
2007,11,21,4,9,1,9,1,2,9,2,2,2,2,2,9,2,2,9,2,2,2,2,9,2,2,9,2,1,3,2,2,2,2,2,1,2,3,1,2,1,1,1,2,9,9,9,2,9,1,1,2,1,9,2,1,9,1,2,2,9,2,2,2,2,2,1,9,9,2,0
2007,11,21,5,9,2,9,2,2,9,2,2,9,2,2,9,2,2,9,9,2,2,2,2,2,2,9,2,1,9,9,2,2,2,2,1,2,9,1,9,9,1,1,2,9,9,9,2,9,9,1,2,1,9,2,1,9,1,2,2,9,2,2,9,9,1,2,9,9,2,0
2007,11,21,6,9,2,9,2,2,9,2,2,9,2,2,9,2,2,9,9,2,2,2,2,2,2,1,2,1,1,9,2,2,2,2,1,2,9,1,9,9,1,1,2,9,9,9,2,9,1,1,2,9,9,2,1,1,1,2,2,9,2,2,9,9,1,1,9,9,2,0
2007,11,21,7,9,2,9,2,2,9,2,2,9,2,2,9,2,2,9,9,2,2,2,2,2,2,1,2,1,1,9,2,2,2,2,1,2,1,1,9,2,1,1,2,9,9,9,2,9,1,1,2,9,9,2,9,1,1,2,2,9,9,2,9,9,9,2,9,9,2,0
2007,11,21,8,9,2,9,2,2,2,2,2,2,2,2,9,2,2,9,9,2,2,2,2,2,2,9,2,1,3,9,2,2,2,9,1,2,3,1,9,3,1,1,2,9,9,9,2,9,1,1,9,9,9,2,9,9,1,2,2,9,9,2,9,9,9,3,9,9,2,0
2007,11,21,9,9,2,9,2,2,2,2,2,2,2,2,9,2,2,9,2,2,2,2,2,9,2,9,2,1,9,9,2,2,2,2,1,2,3,9,9,9,1,9,2,9,9,9,2,9,1,1,9,9,9,2,9,9,1,2,2,9,9,2,9,9,2,2,9,9,2,0
2007,11,21,10,9,2,9,2,1,1,1,1,1,1,1,9,1,1,9,1,1,1,1,1,1,1,9,1,1,9,9,1,1,1,1,1,1,1,9,9,1,1,9,1,9,9,9,9,9,1,1,9,9,9,1,9,9,1,1,1,9,1,1,1,9,1,1,9,9,1,0
2007,11,21,11,9,2,9,2,2,2,2,2,9,2,2,9,2,2,9,2,2,2,2,2,2,2,9,2,1,1,9,2,2,2,2,1,2,9,9,9,3,1,1,2,9,9,9,2,9,9,1,9,9,9,2,9,9,1,2,9,9,9,2,2,2,2,2,9,9,2,0
2007,11,21,12,9,1,9,1,2,2,2,2,2,2,2,9,2,2,9,2,2,2,2,2,2,2,9,2,9,2,9,2,2,2,2,1,2,9,9,9,3,1,1,2,9,9,9,2,9,9,1,9,9,9,2,9,9,1,2,9,9,1,1,1,1,1,1,9,9,1,0
2007,11,21,13,9,1,9,2,1,1,1,1,1,1,1,9,1,1,9,1,1,1,1,1,1,1,9,1,9,3,9,1,1,1,1,9,1,1,9,9,1,9,9,1,9,9,9,1,9,9,9,9,9,9,1,9,9,9,1,9,9,2,1,1,1,1,1,9,9,1,0
2007,11,22,1,1,1,9,1,1,9,1,1,1,1,1,9,1,1,1,1,1,1,1,1,1,1,9,1,1,1,1,1,1,1,1,1,9,1,9,1,1,9,9,1,9,9,1,9,1,1,1,9,1,9,9,1,1,9,1,9,1,9,1,9,9,1,1,1,1,9,1
2007,11,22,2,1,1,9,1,1,9,1,1,1,1,1,9,1,1,1,1,1,1,1,1,1,2,9,2,2,2,2,2,2,2,2,2,9,2,9,2,2,2,2,2,9,9,2,9,2,2,2,9,2,9,9,2,2,2,2,9,1,9,1,9,9,1,1,9,9,9,0
2007,11,22,3,1,1,9,1,1,9,1,1,1,1,1,1,1,1,1,1,1,9,1,1,1,1,9,1,1,1,1,1,1,1,1,1,9,1,9,1,1,1,1,1,9,9,1,9,1,1,1,9,1,9,9,1,1,1,9,9,1,9,1,9,9,1,1,1,9,9,1
2007,11,22,4,1,1,9,1,1,9,1,1,9,9,1,1,1,1,1,1,1,9,1,1,1,1,9,1,1,1,1,9,1,1,1,1,9,1,9,9,1,9,1,1,9,9,1,9,1,1,1,9,9,9,9,9,1,1,9,9,1,9,1,9,9,1,1,1,9,9,1
2007,11,22,5,1,1,9,1,1,9,1,1,9,9,1,1,1,1,1,1,1,9,1,1,1,1,9,1,1,1,1,9,1,1,9,1,9,1,1,9,1,1,1,1,9,1,1,9,1,1,1,1,9,9,9,1,9,1,9,9,1,9,1,9,9,1,1,9,9,9,1
2007,11,22,6,1,1,9,1,1,9,1,1,1,9,1,1,1,1,1,1,1,1,1,9,1,9,9,1,9,1,1,1,1,1,9,1,9,1,1,1,1,1,1,1,9,1,9,1,1,1,1,1,9,9,9,9,9,1,1,1,1,9,1,9,9,1,1,9,9,9,1
2007,11,22,7,1,1,9,9,1,9,1,1,1,9,1,9,1,1,9,1,1,1,9,9,1,1,9,1,9,9,1,1,1,1,1,1,9,1,1,9,1,1,1,1,9,1,9,1,1,9,1,1,9,9,9,9,9,1,1,1,1,9,1,9,9,1,1,9,9,9,1
2007,11,22,8,1,1,9,1,1,9,1,1,9,9,1,9,1,1,1,1,1,9,1,9,1,1,9,9,9,9,1,1,1,1,1,1,9,1,1,9,1,1,1,1,9,1,1,1,1,9,1,1,1,9,9,9,1,1,1,1,1,1,9,9,9,1,1,9,9,9,1
2007,11,22,9,1,1,9,9,1,9,1,1,1,9,1,9,1,9,1,1,1,9,9,9,9,1,9,9,9,9,1,1,9,9,1,1,9,9,1,9,1,1,1,1,9,9,9,1,1,9,9,1,1,9,9,9,9,1,1,1,1,1,1,9,9,1,1,9,9,9,1
2007,11,22,10,1,1,9,1,1,9,1,1,1,9,1,1,1,9,1,1,1,1,9,9,9,1,9,1,9,9,1,9,1,1,1,1,9,9,9,9,1,1,1,1,9,1,1,1,1,9,9,1,1,9,9,9,9,1,1,1,1,1,1,9,9,1,1,9,9,9,1
2007,11,27,1,1,1,9,1,1,1,9,1,9,1,1,1,1,1,1,9,1,1,9,1,1,9,9,9,1,9,1,9,1,1,9,1,1,9,9,1,9,1,9,9,9,1,1,1,9,9,1,1,9,1,1,9,9,9,1,1,9,1,1,9,9,1,1,1,9,1,1
2007,11,27,2,1,1,9,1,1,1,9,1,9,1,1,1,1,1,1,9,1,1,1,1,1,9,9,1,3,9,1,9,1,9,9,9,1,9,9,1,9,3,9,9,9,1,9,1,9,9,1,1,9,1,1,9,9,9,1,1,9,1,1,9,9,9,1,1,1,1,1
2007,11,27,3,1,1,9,9,1,1,1,1,9,1,1,1,1,1,1,1,1,9,9,1,1,9,9,1,1,9,1,9,9,9,1,9,1,1,9,1,9,1,9,9,9,1,9,1,9,9,1,1,9,1,1,9,9,9,1,1,9,1,9,9,9,9,9,1,1,1,1
2007,11,27,4,1,1,9,9,1,1,1,1,1,9,1,1,1,9,1,1,1,9,1,1,1,9,9,1,9,9,1,9,9,1,1,9,1,1,9,1,9,1,9,9,9,9,9,1,9,9,1,1,9,1,9,9,9,9,9,9,9,1,9,9,9,9,9,1,1,1,1
2007,11,27,5,1,1,9,1,1,1,1,1,1,1,1,1,1,9,9,1,1,1,1,1,1,9,1,1,9,9,1,9,1,1,9,9,1,1,9,1,9,1,1,9,9,1,9,1,9,9,1,1,1,1,9,9,9,9,1,9,9,1,9,1,9,9,1,1,1,1,1
2007,11,27,6,1,1,9,1,1,9,1,1,1,1,1,1,1,9,1,1,1,1,1,1,1,9,1,1,9,9,1,9,1,1,1,9,1,1,9,1,9,1,9,9,9,1,9,1,9,1,1,1,1,1,9,9,9,9,1,9,9,1,1,1,9,1,1,1,1,1,1
2007,11,27,7,1,1,9,1,1,9,1,1,9,1,1,1,9,1,1,9,1,1,1,1,1,9,1,1,9,9,9,9,1,1,1,9,1,1,9,9,9,1,9,9,9,9,9,1,9,1,1,1,1,1,9,9,9,9,1,9,9,1,1,1,9,1,1,1,1,1,1
2007,11,27,8,1,1,9,1,1,9,1,1,9,1,1,1,1,1,1,9,1,1,1,1,9,9,1,1,9,9,9,9,1,1,1,9,1,1,9,9,9,1,9,9,9,9,9,1,9,1,9,9,1,1,9,9,9,9,1,9,9,1,1,1,9,1,1,1,1,1,1
2007,11,27,9,1,1,9,1,1,9,1,1,9,1,9,1,1,1,1,9,1,1,9,1,9,9,1,1,9,9,9,9,1,1,9,9,1,1,9,1,9,1,9,9,9,9,9,1,9,1,1,9,9,1,9,9,9,9,1,9,9,9,1,1,9,9,1,1,1,1,1
2007,11,27,10,1,1,9,1,1,1,1,1,1,1,1,1,1,1,1,1,1,1,9,1,1,9,9,1,1,1,9,9,1,1,1,9,1,1,9,1,9,1,1,9,1,9,9,1,9,1,1,1,9,1,9,9,9,9,1,9,9,1,1,1,9,1,1,1,1,1,1
2007,11,27,11,1,1,9,1,9,1,1,1,1,1,1,1,1,1,1,9,1,1,1,1,9,9,9,1,9,1,9,9,9,1,1,9,1,1,9,1,9,1,1,9,1,9,9,1,9,1,1,1,9,1,9,9,9,1,1,9,9,1,1,9,9,1,9,9,9,9,1
2007,11,27,12,1,1,9,9,9,1,1,1,1,1,1,1,1,1,1,1,1,1,9,1,9,9,9,9,9,1,9,9,9,9,9,9,1,1,9,1,9,1,9,9,1,1,9,1,9,1,1,1,9,1,9,9,9,1,1,9,9,9,9,9,9,1,9,9,9,9,1
2007,11,27,13,1,1,9,9,9,1,1,1,1,1,1,1,1,1,1,1,1,1,9,1,9,9,9,1,1,1,1,9,1,9,9,9,1,1,9,1,9,9,9,9,9,9,9,9,9,1,1,1,9,1,9,9,9,1,1,9,9,1,9,1,9,1,9,9,9,1,1
2007,11,27,14,1,1,9,9,9,1,1,1,1,1,1,9,1,1,1,1,1,1,9,1,9,9,9,1,9,1,1,9,9,9,9,9,1,1,9,1,9,9,9,9,1,9,9,1,9,1,9,1,9,1,9,9,9,1,1,9,9,1,9,9,9,1,9,9,9,9,1
2007,11,29,1,1,1,1,1,1,9,9,1,1,1,1,1,1,1,9,9,1,1,1,1,1,1,9,1,1,1,9,1,1,1,1,1,1,1,1,1,1,1,1,1,1,9,1,1,1,1,1,1,9,9,1,9,1,9,1,9,9,9,9,1,1,9,1,9,9,1,1
2007,11,29,2,1,1,1,9,1,9,9,1,1,1,1,1,1,1,1,1,1,9,1,1,1,1,9,1,3,1,9,1,1,1,1,1,1,1,9,1,1,3,9,1,1,1,1,1,1,9,1,9,1,1,1,1,1,9,1,9,9,9,1,1,1,9,1,1,9,1,1
2007,11,29,3,1,1,1,1,1,1,9,1,1,1,1,1,1,1,1,1,1,1,1,1,1,1,9,1,3,9,9,1,1,1,9,1,1,1,9,1,1,9,9,9,1,9,1,1,9,9,1,1,1,1,1,9,9,9,1,9,9,9,1,1,1,9,1,1,9,1,1
2007,11,29,4,1,1,1,1,1,9,9,1,1,1,1,1,9,9,1,1,1,1,9,9,9,1,9,1,1,9,9,1,1,1,9,1,1,1,9,1,1,9,9,9,1,9,9,1,9,9,1,1,1,1,1,9,9,9,1,9,9,9,1,1,9,9,1,1,9,1,1
2007,11,29,5,1,1,1,9,1,9,9,1,9,1,9,1,1,1,1,1,1,9,1,9,9,1,9,9,9,9,9,1,1,1,1,1,1,1,9,1,1,1,9,9,1,1,9,1,9,9,1,9,1,1,1,1,9,1,1,9,9,9,1,1,9,9,1,1,9,1,1
2007,11,29,6,1,1,1,1,1,1,9,1,1,1,9,1,1,1,1,1,1,1,1,9,9,1,9,9,9,1,9,1,1,1,1,1,1,1,9,1,1,1,9,9,1,1,9,1,9,9,1,1,1,1,1,1,9,1,1,9,9,9,1,1,1,1,1,9,1,1,1
2007,11,29,7,1,1,1,1,1,1,9,1,1,1,1,1,1,1,9,1,1,1,9,1,9,1,9,9,9,1,9,1,1,1,1,1,1,1,9,1,9,1,9,9,1,1,9,1,9,9,1,1,1,1,1,9,9,1,1,9,9,9,1,1,1,9,1,1,1,1,1
2007,11,29,8,2,2,1,1,1,1,9,1,9,9,1,1,1,1,9,1,1,1,1,1,9,1,9,9,9,1,9,1,1,1,1,1,1,1,1,1,9,1,9,9,1,9,9,1,9,1,1,1,1,1,1,9,9,1,1,9,9,9,1,1,1,9,1,1,9,1,0
2007,11,29,9,1,1,1,1,1,1,9,1,1,1,1,1,9,1,9,1,1,1,9,1,1,1,1,1,1,9,9,1,1,1,1,1,1,1,1,1,9,1,1,1,9,9,9,1,1,1,1,1,9,1,1,9,9,1,1,9,9,9,1,1,1,1,1,1,9,1,1
2007,11,29,10,1,1,1,1,1,1,9,9,1,9,1,1,9,9,9,9,1,1,9,9,9,9,9,9,1,9,9,1,1,1,9,1,1,1,1,9,9,1,9,9,9,9,9,1,1,1,9,9,9,9,9,1,1,9,9,9,9,9,9,9,1,1,9,9,9,1,1
2007,12,4,1,1,1,1,1,9,1,9,1,1,1,1,1,1,1,1,1,1,1,1,1,1,1,1,1,9,1,9,1,1,1,9,1,1,1,1,1,1,1,1,1,1,1,1,1,1,9,1,1,9,1,1,1,1,9,1,1,9,9,1,1,1,1,1,1,1,1,1
2007,12,4,2,1,1,1,1,9,1,9,1,1,1,1,1,9,1,1,1,1,1,1,1,9,1,1,1,9,1,9,1,1,9,9,1,1,1,1,9,1,1,1,1,1,1,1,1,1,9,1,1,9,1,1,1,1,1,1,1,9,9,1,1,1,1,1,9,9,1,1
2007,12,4,3,1,9,1,1,1,1,9,1,1,1,1,9,1,9,1,1,1,1,1,9,9,1,9,1,9,9,9,1,1,9,9,1,1,9,1,9,9,9,1,1,9,9,9,1,1,1,9,1,9,1,9,9,1,9,1,1,9,1,1,9,9,1,1,1,1,9,1
2007,12,6,1,1,1,1,9,1,1,9,1,1,1,1,1,1,1,1,1,9,1,9,1,9,1,1,1,1,1,9,9,1,9,9,1,1,9,1,9,1,1,1,1,1,9,9,1,1,1,1,1,9,1,1,1,1,9,1,9,9,9,1,1,9,9,9,1,1,1,1
2007,12,6,2,1,1,1,9,1,9,9,1,1,1,1,1,1,1,1,1,9,1,9,1,9,1,9,1,1,1,9,9,1,1,9,1,1,9,1,9,1,9,1,9,9,9,9,1,1,1,1,9,9,1,1,9,1,1,1,9,9,9,1,1,9,9,9,9,1,1,1
2007,12,6,3,1,1,1,9,3,3,3,3,3,3,3,9,2,3,3,3,9,3,9,3,9,1,1,1,1,1,9,9,1,1,9,1,1,1,9,1,1,1,1,9,9,9,9,1,1,1,1,9,9,1,1,9,1,1,1,9,9,9,1,1,9,9,9,9,1,1,0
2007,12,6,4,1,1,1,1,2,3,2,3,3,3,3,9,3,9,3,2,9,3,9,3,9,2,9,9,3,9,2,2,9,2,9,9,3,9,9,9,9,9,3,2,2,2,9,9,1,3,2,9,3,9,9,9,9,2,3,9,9,1,9,9,1,3,2,9,9,9,0
2007,12,6,5,1,9,1,1,1,1,9,1,1,9,1,9,1,1,1,1,1,1,9,1,1,1,1,9,9,9,1,1,9,1,9,9,1,1,1,9,1,1,1,1,1,9,9,9,1,1,1,9,9,9,9,9,9,9,1,9,9,1,9,9,9,1,1,9,1,9,1
2007,12,6,6,1,9,9,1,1,1,9,1,1,1,1,9,1,1,1,1,1,1,9,1,1,1,1,9,1,9,1,1,9,1,9,9,1,1,1,9,1,1,1,9,1,9,9,1,1,1,1,9,9,9,9,9,9,9,1,9,9,9,9,9,9,1,1,9,1,9,1
2007,12,13,1,1,9,1,1,1,9,9,1,1,9,1,1,9,1,1,1,1,1,9,1,1,1,9,1,1,9,1,1,1,1,1,1,1,9,1,9,1,1,9,1,1,1,9,1,9,1,9,9,1,9,1,1,9,1,1,9,1,1,1,1,1,1,1,9,1,1,1
2007,12,13,2,9,9,1,1,9,9,1,1,1,1,1,9,9,1,9,1,1,1,9,1,1,1,9,1,1,9,9,9,1,1,1,1,1,1,1,9,9,1,9,1,1,1,9,1,9,1,9,9,1,9,1,1,1,1,1,9,1,1,1,9,9,1,9,9,9,1,1
2007,12,13,3,9,9,1,1,9,9,1,1,1,1,9,1,9,9,9,1,1,9,9,1,9,1,9,1,9,9,9,9,1,1,1,1,1,1,1,1,1,1,9,1,1,9,9,1,9,1,9,9,1,9,1,9,1,1,1,9,9,1,1,9,9,1,9,9,9,9,1
2007,12,13,4,9,9,1,1,9,9,1,1,1,9,1,1,9,1,9,9,1,1,9,9,9,1,1,1,1,1,9,1,1,1,1,1,1,1,1,9,1,1,1,9,9,9,1,1,9,1,9,9,9,9,1,9,1,1,9,9,1,1,1,9,1,1,9,9,1,1,1
2007,12,13,5,9,9,1,1,9,9,1,1,1,1,1,1,9,1,9,9,1,1,9,1,9,9,9,1,1,9,9,9,1,1,1,1,1,1,1,9,1,1,1,9,9,9,1,1,9,1,9,1,9,9,1,9,9,9,9,9,1,1,1,9,9,1,9,9,1,9,1
2007,12,13,6,9,9,1,1,9,9,1,1,1,1,1,1,9,1,9,9,1,1,9,1,9,9,1,1,3,9,9,9,1,1,1,1,1,9,1,9,1,1,1,9,9,1,1,1,9,1,9,1,9,9,1,9,9,9,1,9,1,1,1,9,9,1,9,9,1,1,1
2007,12,13,7,1,9,1,1,9,9,1,1,1,1,1,1,9,1,9,9,1,1,9,1,1,1,1,9,1,9,9,1,1,1,1,1,1,1,1,9,1,1,1,1,9,9,9,9,9,1,9,9,9,9,1,9,9,9,1,9,1,1,1,9,9,1,9,9,1,9,1
2007,12,18,1,1,1,1,1,1,1,9,1,1,1,1,1,9,1,9,1,1,1,1,1,1,1,9,1,1,1,9,1,1,1,1,1,1,1,9,1,1,1,1,1,9,1,1,1,1,1,1,1,1,1,1,1,1,1,1,1,1,1,1,1,9,1,1,9,1,1,1
2007,12,18,2,1,1,1,1,1,1,9,1,1,1,1,1,1,1,1,1,9,1,1,1,9,1,1,1,1,9,9,1,1,1,1,1,1,1,1,1,1,1,1,1,1,9,9,9,1,1,9,1,1,1,1,1,1,1,1,1,1,1,1,1,9,1,1,9,1,1,1
2007,12,18,3,1,1,1,1,1,9,9,1,1,1,1,1,1,1,1,1,9,1,1,1,9,1,1,1,9,1,1,1,1,1,1,1,1,1,1,1,1,1,1,1,1,1,1,9,1,1,9,9,1,1,1,1,1,1,1,1,1,1,1,1,9,1,1,9,1,1,1
2007,12,18,4,1,1,1,1,1,1,1,1,1,1,1,1,1,1,1,1,9,1,1,1,9,1,1,1,1,1,1,1,1,1,1,1,1,1,1,1,1,1,1,1,9,1,1,9,1,1,9,1,1,1,1,1,1,1,1,1,1,1,1,1,9,1,9,9,9,1,1
2007,12,18,5,9,1,1,1,1,1,1,1,1,1,1,1,9,1,1,1,9,9,9,1,9,1,1,1,9,1,1,1,9,1,1,1,1,1,9,1,1,1,1,9,1,1,9,1,1,1,9,9,1,9,1,9,9,1,9,1,9,1,1,1,9,1,9,9,9,1,1
2007,12,18,6,9,1,1,1,1,1,1,1,1,1,1,1,9,1,1,9,9,9,1,1,9,1,1,1,9,9,1,1,9,1,1,1,1,9,9,1,1,1,1,1,1,1,9,1,1,9,9,1,1,9,1,9,1,1,1,1,1,9,1,1,1,1,1,9,9,1,1
2007,12,18,7,1,2,1,1,2,2,1,2,2,2,2,2,2,9,2,2,2,2,2,2,2,1,1,1,9,1,9,1,1,1,1,1,1,1,1,1,1,1,1,9,9,1,9,1,1,9,9,9,9,1,1,1,1,1,1,2,2,2,2,1,1,1,1,9,9,1,0
2007,12,18,8,1,1,1,1,1,1,9,1,1,1,9,9,9,9,1,1,1,1,1,1,9,1,1,1,9,9,1,1,1,9,1,1,1,9,1,1,1,1,1,9,9,1,9,1,1,9,9,1,9,9,1,1,1,1,1,1,9,1,1,1,9,1,1,9,9,1,1
2007,12,18,9,1,1,1,9,1,1,9,1,1,1,1,9,9,9,1,1,1,1,1,1,9,1,2,1,9,9,1,1,9,9,1,2,1,9,2,2,3,2,2,9,9,9,9,1,2,9,9,1,9,9,1,9,9,2,1,1,9,1,1,1,9,1,2,9,9,1,0
2007,12,18,10,1,1,1,9,1,1,9,1,1,1,1,9,9,9,1,1,1,1,1,1,9,1,1,1,9,9,1,1,9,9,9,9,1,9,1,1,1,1,1,9,9,9,9,1,1,9,9,1,9,9,1,9,9,1,1,1,9,1,1,1,9,1,1,9,9,1,1
2007,12,18,11,1,1,1,9,1,9,9,1,1,1,1,9,1,9,9,1,1,1,1,1,9,1,9,1,9,9,9,1,9,9,1,9,1,9,1,1,1,9,1,9,9,9,9,1,1,9,9,1,9,9,1,9,9,1,1,1,9,9,1,1,9,1,1,9,9,1,1
2007,12,18,12,1,1,1,9,9,9,9,1,1,1,1,9,1,9,9,1,1,1,1,1,9,1,9,1,9,9,9,1,9,9,1,1,1,9,1,1,1,9,1,9,9,9,9,1,1,9,9,1,9,9,1,9,9,9,1,1,9,1,1,1,9,1,1,1,1,1,1
2007,12,18,13,1,1,1,1,1,1,9,1,1,1,1,9,1,9,1,9,1,1,1,1,1,1,9,1,9,9,1,1,1,9,1,1,1,9,1,9,1,9,1,9,9,9,9,1,1,9,9,1,9,9,1,9,9,1,1,1,9,1,1,1,9,1,1,1,1,1,1
2007,12,18,14,1,1,1,1,1,1,9,1,1,1,1,9,9,9,1,9,1,9,1,1,9,9,9,1,9,9,1,1,1,9,1,9,1,9,9,9,9,9,1,9,9,9,1,1,9,9,9,1,9,9,9,9,9,9,1,9,9,1,1,1,9,1,9,1,1,1,1
2007,12,20,1,1,9,1,1,1,1,9,1,1,1,1,9,1,1,1,1,1,1,1,1,1,1,1,1,9,1,1,1,1,1,1,1,1,9,1,1,1,1,1,1,9,9,1,1,1,1,1,9,1,1,9,1,1,1,1,1,9,1,1,9,1,1,1,1,9,1,1
2008,1,9,1,9,1,9,9,9,9,9,9,9,9,9,9,9,9,9,9,9,9,9,3,9,9,9,9,9,1,1,9,9,9,9,9,9,9,9,9,9,9,9,9,9,9,1,9,9,9,3,1,9,9,9,9,3,9,9,9,9,9,1,1,9,9,9,9,9,1,1
2008,1,9,2,9,1,9,9,9,9,9,9,9,9,9,9,9,9,9,9,9,9,9,1,9,9,9,9,9,1,1,9,9,9,9,9,9,9,9,9,9,9,9,9,9,9,1,9,9,9,1,1,9,9,9,9,1,9,9,9,9,9,1,1,9,9,9,9,9,1,1
2008,1,9,3,9,1,9,9,9,9,9,9,9,9,9,9,9,9,9,9,9,9,1,1,9,9,9,9,9,1,1,9,9,9,9,9,9,9,9,9,9,9,9,9,9,9,1,9,9,9,1,1,9,9,9,9,1,9,9,9,9,9,1,1,9,9,9,9,9,1,1
2008,1,9,4,9,3,9,9,9,9,9,9,9,9,9,9,9,9,9,9,9,9,2,2,2,9,9,9,9,1,1,9,9,9,9,9,9,9,9,9,9,9,9,9,9,9,1,9,9,9,1,1,9,9,9,9,1,9,9,9,9,9,2,1,9,9,9,9,9,9,0
2008,3,5,1,9,9,1,9,9,9,9,9,9,1,9,9,9,1,9,9,9,9,1,9,9,9,2,9,9,2,2,9,9,9,9,9,9,9,9,9,9,9,9,9,9,9,2,9,9,9,9,9,9,9,9,9,2,9,2,9,9,9,2,1,9,9,9,9,9,9,0
2008,3,25,1,1,1,1,1,9,1,1,1,1,1,1,1,1,1,1,1,1,9,1,9,1,1,9,1,9,1,9,9,1,1,9,9,1,1,9,1,1,1,9,1,1,9,1,1,9,9,1,1,9,9,1,1,9,9,1,1,9,1,1,1,1,1,1,1,1,1,1
2008,3,27,1,1,1,1,1,1,1,9,1,1,1,9,1,1,1,1,1,1,1,9,9,1,1,1,1,9,9,1,1,1,9,9,1,1,1,1,1,1,1,9,1,1,9,1,1,9,1,1,9,1,1,1,9,1,1,1,9,1,9,1,1,1,1,1,9,1,1,1
2008,3,27,2,1,1,1,1,1,9,9,1,1,1,9,1,9,1,1,1,1,1,9,9,9,1,1,1,9,9,1,1,9,9,9,9,1,1,1,1,1,1,9,9,9,9,1,9,9,1,1,9,1,1,1,9,1,9,9,9,1,9,1,9,9,1,1,9,1,1,1
2008,3,27,3,1,1,1,1,1,1,9,1,9,1,9,1,9,1,1,1,1,1,9,9,9,1,9,1,3,9,1,1,9,1,1,9,1,1,1,1,1,1,1,9,1,1,1,9,9,1,1,9,1,1,1,9,1,9,9,9,1,9,1,9,9,1,1,9,1,1,1
2008,3,27,4,1,1,1,1,1,1,9,1,9,1,9,1,1,1,1,1,1,1,9,9,9,1,9,9,1,9,1,1,9,1,1,9,1,1,1,1,1,9,9,9,1,1,1,9,9,9,1,1,9,1,9,9,1,9,9,9,1,9,1,9,9,1,1,9,1,1,1
2008,3,27,5,1,1,1,1,1,9,9,1,9,1,9,1,1,1,1,1,1,1,9,9,1,1,9,9,3,9,1,1,9,1,1,9,1,9,1,1,1,1,9,9,1,9,1,1,1,9,1,1,1,1,1,9,9,9,9,9,1,9,1,9,9,1,1,9,1,1,1
2008,3,27,6,1,1,1,1,1,9,9,1,9,1,9,1,1,9,1,1,1,1,9,9,1,1,1,9,1,9,1,1,9,1,1,9,1,1,9,1,1,1,9,1,1,9,1,1,1,9,1,1,1,1,1,9,9,1,9,9,1,9,1,9,9,1,1,9,1,1,1
2008,3,27,7,1,1,1,1,1,1,9,1,9,1,9,1,1,1,1,9,1,1,9,9,1,1,1,9,1,9,1,9,1,1,1,9,1,1,1,1,1,1,9,1,1,9,1,1,1,9,1,1,9,1,1,9,9,1,9,9,1,9,1,9,9,1,1,9,1,1,1
2008,3,27,8,1,1,1,1,1,1,9,1,9,1,1,1,1,1,1,1,1,1,9,9,1,1,1,1,1,9,1,9,1,1,1,9,1,9,9,1,1,9,9,1,1,1,1,1,1,9,1,1,9,1,9,9,9,3,9,9,1,9,9,9,9,1,1,9,9,1,1
2008,3,27,9,1,1,1,1,1,1,9,1,9,1,1,1,1,9,1,9,1,1,9,9,1,1,9,9,1,9,1,9,1,1,1,9,1,1,1,9,1,1,9,1,1,1,1,1,1,1,1,1,1,1,1,1,9,1,9,9,1,9,1,1,9,1,1,9,9,1,1
2008,4,1,1,1,1,1,1,1,1,9,1,1,1,1,9,1,1,1,9,1,1,9,1,9,1,9,9,9,1,9,1,1,1,9,9,1,9,9,9,1,1,9,9,1,1,1,9,9,9,1,1,1,9,1,9,1,1,1,9,1,1,1,1,1,1,1,9,9,1,1
2008,4,1,2,1,1,1,1,2,9,9,2,2,2,2,2,2,2,2,9,2,2,2,2,9,1,1,1,9,1,9,1,9,1,9,1,1,9,9,1,1,1,9,1,1,1,1,9,9,9,1,1,1,9,1,9,1,1,9,9,9,9,1,1,1,1,1,9,9,1,0
2008,4,1,3,1,1,1,1,1,9,9,1,1,1,1,1,1,1,1,9,1,1,1,1,9,1,1,1,1,1,9,1,9,1,9,1,1,9,9,1,1,1,1,1,1,9,1,1,9,9,1,1,1,9,9,9,9,1,9,9,1,9,1,1,1,9,9,1,1,9,1
2008,4,1,4,1,1,1,1,9,9,9,1,9,1,1,1,1,1,1,9,1,1,1,1,9,1,1,1,1,1,9,9,1,1,9,1,1,9,9,1,1,1,1,1,1,1,1,1,9,1,9,1,1,9,1,9,9,1,1,9,1,9,1,1,9,9,9,9,1,1,1
2008,4,1,5,1,9,1,1,1,9,1,1,9,1,1,1,1,1,1,9,1,1,1,1,9,1,9,1,1,9,9,1,1,1,9,1,1,9,9,1,1,1,1,1,1,1,1,1,9,1,9,1,1,9,1,9,9,1,1,9,1,9,1,1,9,9,1,9,1,1,1
2008,4,1,6,1,9,1,1,1,1,1,1,9,1,1,1,1,1,1,1,1,1,1,1,9,1,9,1,1,9,9,9,1,1,9,9,1,9,1,1,1,1,9,1,1,9,1,1,9,9,9,1,9,9,1,9,9,1,1,9,1,1,1,1,9,1,1,9,1,1,1
2008,4,1,7,1,1,1,1,1,1,9,1,9,1,1,1,9,1,1,1,1,1,9,1,9,1,9,1,1,1,9,1,9,1,9,9,1,9,9,1,9,1,9,1,1,9,1,1,9,9,9,1,1,9,1,9,9,1,1,9,1,1,1,1,9,1,1,1,1,1,1
2008,4,1,8,1,1,1,1,1,9,1,1,9,1,1,1,9,1,1,9,1,1,1,1,9,1,9,1,1,1,9,1,9,1,9,1,1,9,9,9,1,1,1,1,1,1,1,1,9,9,1,9,1,9,1,9,9,1,1,9,1,1,1,9,9,1,1,1,1,1,1
2008,4,3,1,9,1,1,9,1,1,1,1,9,1,1,9,1,1,1,1,1,1,1,1,1,1,1,1,1,9,9,1,1,1,9,9,1,1,1,9,9,1,9,1,9,9,1,1,9,1,1,1,1,9,9,9,9,1,1,1,1,9,1,1,9,9,9,9,1,1,1
2008,4,3,2,9,1,1,1,1,9,1,1,9,1,1,9,9,1,1,1,1,9,1,9,1,1,9,1,1,9,9,9,1,1,1,9,1,1,1,9,9,1,9,1,9,9,1,1,9,1,1,1,1,1,9,9,9,1,1,1,1,9,1,9,9,9,9,9,1,1,1
2008,4,3,3,9,1,1,1,1,1,9,1,1,1,1,9,9,9,1,1,1,9,1,9,1,1,9,1,9,9,9,9,1,1,9,9,1,1,9,9,9,1,9,1,9,9,1,1,9,1,1,1,1,1,9,9,1,1,9,1,1,9,1,9,9,9,9,9,9,9,1
2008,4,3,4,9,1,1,1,9,1,9,1,1,1,1,9,9,9,1,1,1,1,1,9,1,1,9,1,1,9,9,9,1,1,9,9,1,9,1,9,9,1,9,1,9,1,1,1,9,1,1,1,1,1,9,9,1,9,1,1,9,9,1,1,9,9,9,9,1,1,1
2008,4,3,5,9,1,1,1,9,1,9,1,1,1,1,9,1,9,1,1,1,1,1,9,1,1,9,1,1,9,9,1,1,1,1,9,1,9,1,9,9,1,9,1,9,9,1,1,9,1,1,9,1,1,9,9,1,1,1,1,9,9,1,1,9,9,9,9,1,1,1
2008,4,3,6,9,1,1,1,1,1,9,1,1,1,1,1,1,9,1,1,1,9,9,9,9,1,9,1,1,1,9,1,1,9,1,9,1,9,1,1,1,1,9,1,9,9,1,1,1,9,1,1,1,1,9,9,9,1,1,1,1,9,1,9,9,9,9,9,9,1,1
2008,4,3,7,9,1,1,1,1,1,9,1,1,1,1,9,1,9,1,9,1,1,9,9,9,1,9,1,9,1,9,1,1,1,9,9,1,1,1,1,1,1,9,1,9,9,9,1,1,9,1,1,1,9,9,9,9,1,1,9,1,9,9,1,9,9,9,9,1,1,1
2008,4,3,8,9,1,1,9,2,9,9,2,2,2,2,9,2,9,9,9,2,2,2,9,2,1,9,1,1,1,9,1,1,1,9,9,1,1,1,1,1,1,9,1,9,9,9,1,1,1,1,1,1,9,9,9,9,1,1,9,1,9,1,1,9,9,9,9,1,1,0
2008,4,3,9,9,1,1,9,1,9,9,1,9,1,1,1,1,1,1,1,1,1,1,9,1,1,9,1,1,1,9,1,1,1,1,9,1,1,1,1,1,1,9,1,1,9,9,1,1,1,1,1,1,1,9,9,9,1,1,9,1,9,1,1,9,9,9,9,1,1,1
2008,4,3,10,9,1,1,1,1,9,9,1,1,1,1,1,1,1,1,1,1,1,9,1,1,1,9,1,1,1,9,1,1,1,9,9,1,1,1,1,1,1,9,1,1,1,9,1,1,1,1,1,9,1,9,9,9,1,1,9,9,9,9,1,9,9,1,9,1,1,1
2008,4,3,11,9,1,1,1,1,9,9,1,1,1,1,1,1,1,1,1,1,1,1,1,1,1,9,1,1,1,9,1,1,1,9,1,1,9,1,1,1,1,1,1,1,9,9,1,1,1,1,1,9,1,9,9,9,1,1,9,9,9,9,1,9,9,1,9,1,1,1
2008,4,3,12,9,1,9,1,1,9,9,9,1,1,1,1,1,1,1,1,1,1,1,9,9,1,9,1,1,1,9,1,1,1,1,9,1,1,2,1,1,1,9,1,9,1,9,1,1,1,1,1,9,1,9,9,9,3,1,9,9,9,9,1,9,9,1,9,9,9,0
2008,4,3,13,9,1,9,1,1,9,9,9,1,1,1,9,9,1,1,1,1,1,1,9,9,1,9,1,1,9,9,1,9,1,1,9,1,9,1,1,1,1,9,9,9,1,9,9,1,1,1,1,9,1,9,9,9,1,1,9,9,1,9,1,9,9,1,9,9,9,1
2008,4,3,14,9,2,2,2,2,2,2,2,2,2,2,2,9,2,2,2,2,2,2,2,2,1,9,1,1,9,9,1,9,1,1,9,1,1,1,9,9,1,9,1,1,9,1,9,1,1,1,1,9,1,9,9,9,1,1,9,9,9,9,9,9,1,2,9,9,9,0
2008,4,3,15,9,2,2,2,2,2,2,2,2,2,2,2,9,2,2,2,2,2,2,2,2,1,9,1,1,9,9,9,1,1,9,1,1,1,1,9,9,1,9,1,1,9,1,9,1,1,1,1,1,1,9,9,9,1,1,9,9,9,9,9,9,1,2,3,9,9,0
2008,4,3,16,9,2,2,2,2,2,2,2,2,2,2,2,9,2,2,2,2,2,2,2,2,1,9,1,1,9,9,9,1,1,9,1,1,1,1,9,9,1,9,1,1,9,1,1,1,1,1,1,1,1,9,9,9,1,1,9,9,9,2,9,9,1,2,3,9,9,0
2008,4,3,17,9,1,1,1,1,1,1,1,1,1,1,1,9,1,1,1,1,1,1,9,1,1,9,1,9,9,9,9,9,1,1,9,1,1,1,1,9,1,9,9,9,9,1,1,1,9,1,1,1,1,9,9,9,1,9,9,9,9,1,9,9,9,9,9,9,1,1
2008,4,3,18,9,9,2,9,2,2,2,2,2,2,2,2,9,2,2,2,2,2,2,9,2,1,9,1,9,9,9,1,9,1,1,9,1,1,1,1,9,1,1,9,9,9,1,1,1,9,1,1,9,1,9,9,9,1,9,9,9,9,2,9,9,9,9,9,9,9,0
2008,4,3,19,9,9,1,1,2,2,2,2,9,9,2,1,9,9,2,1,2,2,2,9,9,1,9,1,9,9,9,1,9,1,1,9,1,1,1,1,9,1,1,9,9,9,1,1,1,9,1,1,9,1,9,9,9,1,9,9,9,9,1,9,9,9,9,9,9,9,0
2008,4,8,1,1,1,1,1,1,9,9,1,9,1,1,1,1,1,9,9,1,1,9,1,9,1,9,9,9,9,1,1,1,1,1,9,1,9,9,1,9,9,9,1,1,9,1,1,9,9,1,9,9,9,9,1,9,9,1,1,1,1,1,1,1,9,1,9,1,9,1
2008,4,8,2,1,9,1,1,1,1,9,1,1,1,1,1,1,1,1,1,1,1,9,9,9,1,9,9,1,9,1,1,1,1,1,9,1,9,1,1,9,1,9,1,1,9,1,1,9,9,1,9,1,1,9,1,9,9,1,1,1,9,1,1,1,9,1,9,1,1,1
2008,4,8,3,1,1,1,1,1,9,9,1,1,1,1,1,1,1,1,1,1,1,9,1,9,1,9,9,1,9,1,9,9,1,9,1,1,9,1,1,9,1,9,1,1,9,1,1,9,9,1,9,1,1,9,1,9,9,1,1,1,9,1,1,1,9,1,9,1,9,1
2008,4,8,4,1,1,1,1,1,9,9,1,1,1,1,1,1,9,1,1,1,9,9,1,9,1,9,9,1,9,1,1,9,1,9,9,1,1,1,1,9,9,9,1,1,9,1,1,9,9,1,9,1,9,9,9,9,9,1,1,1,1,1,1,1,9,1,9,9,1,1
2008,4,8,5,1,1,1,1,1,9,9,1,1,1,1,1,1,9,1,9,1,1,9,1,9,1,9,9,1,9,1,1,9,1,1,9,1,1,1,1,1,1,9,1,9,9,1,1,9,1,1,9,1,1,9,9,9,9,1,1,1,1,1,1,1,9,1,9,9,1,1
2008,4,8,6,1,1,1,1,1,9,9,1,1,1,1,1,3,9,1,9,1,1,9,1,9,1,9,9,3,9,1,1,9,1,1,2,1,3,1,1,3,2,9,1,1,9,9,1,9,1,2,9,3,3,9,9,9,9,1,1,1,1,1,1,1,9,1,9,9,1,0
2008,4,8,7,1,1,1,1,1,9,9,1,9,1,1,1,1,1,1,9,1,1,1,9,1,1,1,1,1,9,9,1,9,1,1,9,1,1,9,1,1,1,9,1,1,9,1,9,9,1,1,9,9,1,9,9,9,9,1,1,9,1,1,1,1,9,1,1,9,9,1
2008,4,8,8,1,1,1,1,1,9,9,1,9,1,1,1,1,1,1,1,1,9,1,1,1,1,9,1,1,1,1,9,1,1,1,9,1,1,1,1,1,1,9,1,1,9,1,9,9,1,1,9,1,1,9,9,9,1,1,1,1,1,1,9,1,9,1,1,1,9,1
2008,4,8,9,1,1,1,1,1,9,9,1,9,1,1,1,1,9,1,1,1,1,1,1,1,1,9,1,9,1,1,9,1,1,1,9,1,1,1,9,1,1,9,1,1,9,1,1,9,9,1,9,9,1,9,1,9,1,1,9,1,1,1,9,1,9,1,1,1,1,1
2008,4,8,10,9,1,1,1,9,1,9,1,9,1,1,1,9,1,1,1,1,1,1,9,1,3,9,3,2,9,9,3,3,9,3,9,3,9,2,3,9,2,9,3,9,9,9,9,9,9,9,9,9,9,3,9,9,9,3,9,9,9,1,1,1,9,9,1,1,1,0
2008,4,10,1,1,1,1,1,9,3,9,1,1,1,1,1,1,3,9,1,1,1,9,9,1,1,1,9,1,1,1,9,9,1,9,1,1,9,1,1,9,1,9,1,1,9,1,9,1,9,1,9,9,9,1,1,9,1,1,9,9,9,1,9,9,9,1,1,9,1,1
2008,4,10,2,1,1,1,1,9,9,9,1,1,1,1,1,1,1,9,1,1,1,9,9,1,1,1,9,1,1,1,9,9,1,9,1,1,9,9,1,9,1,9,1,1,9,1,9,1,9,1,9,9,9,1,1,9,1,1,9,9,9,1,9,9,9,1,1,9,9,1
2008,4,10,3,1,1,1,1,9,9,9,1,1,1,1,1,1,1,9,1,1,1,1,1,1,1,9,1,1,9,9,9,9,1,9,1,1,9,1,1,1,1,1,1,1,9,1,1,1,9,1,9,1,1,1,1,1,1,1,9,9,9,9,1,9,1,1,9,1,1,1
2008,4,10,4,2,2,2,2,9,2,9,2,2,2,2,2,9,2,9,2,2,2,2,2,9,1,9,1,9,9,1,1,1,1,9,1,1,9,2,3,1,3,1,1,9,9,9,1,9,9,2,9,3,1,9,9,9,3,1,9,9,9,9,1,9,1,2,9,1,1,0
2008,4,10,5,9,9,2,9,9,9,9,2,9,9,9,9,9,9,9,9,9,2,9,9,9,1,9,1,9,9,9,9,1,9,1,1,1,9,1,1,1,1,1,1,9,9,9,1,9,9,1,9,1,1,9,1,1,1,1,9,9,9,9,9,9,1,1,9,9,1,0
2008,4,15,1,1,1,9,1,1,1,9,1,9,1,1,9,1,9,1,1,1,9,1,1,9,1,3,1,1,9,1,9,9,9,1,1,1,9,3,9,1,1,9,1,9,9,1,1,9,9,1,1,1,1,9,9,9,9,1,9,1,1,9,9,9,1,9,9,9,1,1
2008,4,15,2,1,1,1,1,2,9,9,2,2,2,2,2,2,9,2,2,2,2,2,2,9,1,9,1,1,9,1,1,1,9,1,1,1,9,1,1,1,1,1,1,9,9,1,1,9,9,1,9,1,1,9,1,1,1,1,9,9,2,9,9,9,1,1,9,9,1,0
2008,4,15,3,1,1,1,1,1,1,9,1,1,1,1,9,1,9,1,1,1,1,9,1,1,1,9,1,3,9,1,1,9,9,9,1,1,9,1,1,1,1,1,1,9,9,1,9,9,9,1,9,1,1,9,1,1,9,1,1,1,1,9,9,9,1,1,9,9,9,1
2008,4,15,4,1,1,1,1,1,1,9,1,1,1,1,9,1,9,1,9,1,9,9,1,1,1,9,1,1,9,9,1,9,9,9,1,1,9,1,1,1,1,1,1,1,9,1,9,9,9,1,1,9,1,9,1,9,1,1,1,1,1,9,9,9,1,1,9,9,9,1
2008,4,29,1,1,9,1,1,1,1,9,1,1,9,9,1,1,1,1,1,1,1,1,1,9,1,2,1,2,2,1,1,1,1,1,2,1,2,2,1,9,2,2,1,9,1,1,9,9,2,2,1,2,2,1,2,2,2,1,1,9,9,1,1,1,2,2,3,3,1,0
2008,4,29,2,1,3,1,1,1,1,9,1,1,9,9,1,1,1,1,1,1,1,1,1,9,1,2,1,2,2,1,1,1,1,1,2,1,2,2,1,9,2,2,1,9,1,1,1,9,2,2,1,2,2,1,2,2,2,1,1,9,9,1,1,1,2,9,3,9,1,0
2008,4,29,3,1,3,1,1,1,1,9,1,1,1,1,1,1,1,1,1,1,1,1,1,1,1,2,1,2,2,1,1,1,1,1,2,1,2,2,1,3,2,2,1,9,1,1,1,9,2,2,1,2,2,1,2,2,2,1,1,1,1,1,1,1,2,9,3,9,1,0
2008,4,29,4,1,1,1,1,1,1,9,1,1,9,1,1,1,1,1,1,1,1,1,1,1,1,2,1,2,2,1,1,1,1,1,2,1,2,2,1,3,2,2,1,9,1,1,1,9,2,2,1,2,2,1,2,2,2,1,1,1,1,1,1,9,2,2,3,9,1,0
2008,5,21,1,9,9,9,1,9,9,9,9,2,9,9,9,2,9,9,9,9,2,9,9,9,9,9,9,9,9,9,9,9,9,9,9,9,9,9,9,2,9,2,9,9,9,9,9,9,9,9,1,1,2,9,9,9,9,9,9,9,9,9,9,9,9,1,9,9,9,0
2008,6,4,1,9,9,9,1,9,2,2,9,2,9,9,9,9,9,9,9,9,9,9,9,9,9,9,9,9,9,9,9,9,9,9,9,9,9,9,1,9,1,1,9,9,9,9,9,9,9,9,9,9,1,9,9,9,9,1,9,9,9,9,9,9,9,9,9,9,1,0
2008,6,18,1,9,9,9,2,9,2,2,9,2,9,9,9,9,9,9,9,9,9,9,9,9,9,9,9,9,9,9,9,9,9,9,9,9,9,9,1,1,1,1,9,9,9,9,9,9,9,9,1,9,9,9,9,9,9,9,2,9,9,9,9,9,9,1,9,2,9,0
2008,7,9,1,9,9,9,9,9,1,1,9,9,9,9,9,9,9,9,9,9,1,9,9,9,9,9,9,9,9,9,9,9,9,9,9,9,9,9,9,1,2,1,9,9,9,9,9,9,9,9,1,9,9,9,9,9,9,1,1,9,9,9,9,9,9,2,9,9,9,0
2008,7,9,2,9,9,9,9,9,2,2,9,9,9,9,9,9,9,9,9,9,2,9,9,9,9,9,9,9,9,9,9,9,9,9,9,9,9,9,9,1,1,1,9,9,9,9,9,9,9,9,1,9,9,9,9,9,9,1,2,9,9,9,9,9,9,1,9,9,9,0
2008,7,16,1,9,9,9,1,9,1,1,9,1,9,9,9,9,9,9,9,9,9,9,9,9,9,9,9,9,9,9,9,9,9,9,9,9,9,9,2,2,2,2,9,9,9,9,9,9,9,9,2,9,9,9,9,9,9,9,9,9,9,9,9,9,9,2,9,9,9,0
2008,7,16,2,9,9,9,1,9,9,1,9,9,9,9,9,9,9,9,9,9,9,9,9,9,9,9,9,9,9,9,9,9,9,9,9,9,9,9,9,1,9,1,9,9,9,9,9,9,9,9,1,9,9,9,9,9,9,9,9,9,9,9,9,9,9,9,9,9,9,1
2008,7,23,1,9,9,9,1,1,9,1,9,9,9,9,9,9,9,9,9,9,1,9,9,9,9,9,9,9,9,9,9,9,9,9,9,9,1,9,1,1,1,9,9,9,9,9,9,9,9,9,1,9,9,9,9,9,9,9,9,9,9,9,9,9,9,9,9,1,9,1
2008,7,23,2,9,9,9,1,1,9,1,9,9,9,9,9,9,9,9,9,9,1,9,9,9,9,9,9,9,9,9,9,9,9,9,9,9,2,9,2,2,2,9,9,9,9,9,9,9,9,9,2,9,9,9,9,9,9,9,9,9,9,9,9,9,9,9,9,9,9,0
2008,7,30,1,9,9,9,3,9,1,9,9,1,9,9,9,1,9,9,9,9,9,9,9,9,9,9,9,9,9,9,9,9,9,9,9,9,9,9,2,2,2,2,9,9,9,9,9,9,9,9,2,9,2,9,9,9,9,9,9,9,9,9,9,9,9,2,9,9,2,0
2008,8,13,1,9,9,9,1,9,1,9,9,1,9,9,9,9,9,9,9,9,9,9,9,9,9,9,9,9,9,9,9,9,9,9,9,9,9,9,2,2,2,9,9,9,9,9,9,9,9,9,2,9,9,9,9,9,9,9,1,9,9,9,9,9,9,9,9,9,9,0
2008,8,13,2,9,9,9,1,9,1,9,9,1,9,9,9,9,9,9,9,9,9,9,9,9,9,9,9,9,9,9,9,9,9,9,9,9,9,9,2,2,2,9,9,9,9,9,9,9,9,9,2,9,9,9,9,9,9,9,1,9,9,9,9,9,9,9,9,9,9,0
2008,8,13,3,9,9,9,9,9,2,2,9,2,9,9,9,9,9,9,9,9,9,9,9,9,9,9,9,9,9,9,9,9,9,9,1,9,9,9,1,1,1,1,9,9,9,9,9,9,9,9,9,9,9,9,9,9,9,9,1,9,9,9,9,9,9,1,9,9,9,0
2008,8,13,4,9,9,9,9,9,2,2,9,2,9,9,9,9,9,9,9,9,9,9,9,9,9,9,9,9,9,9,9,9,9,9,1,9,9,9,9,1,1,1,9,9,9,9,9,9,9,9,1,9,9,9,9,9,9,9,2,9,9,9,9,9,9,1,9,9,9,0
2008,8,13,5,9,9,9,9,9,9,1,9,1,9,9,9,9,9,9,9,9,9,9,9,9,9,9,9,9,9,9,9,9,9,9,9,9,9,9,9,1,1,9,9,9,9,9,9,9,9,9,9,9,9,9,9,9,9,9,1,9,9,9,9,9,9,1,9,9,9,1
2008,8,20,1,9,9,9,1,9,9,9,9,9,9,9,9,9,9,9,9,9,9,9,9,9,9,9,9,9,9,9,9,9,9,9,1,9,9,9,1,1,1,1,9,9,9,9,9,9,9,9,1,9,9,9,9,9,9,9,9,1,9,9,9,9,9,9,9,9,9,1
2008,8,20,2,9,9,9,2,9,9,9,9,2,9,9,9,9,9,9,9,9,9,9,9,9,9,9,9,9,9,9,9,9,9,9,1,9,9,9,1,1,1,1,9,9,9,9,9,9,9,9,1,9,9,9,9,9,9,9,9,1,9,9,9,9,9,9,9,9,9,0
2008,9,10,1,9,9,9,3,9,9,9,9,3,9,9,9,2,9,9,9,9,9,9,9,9,9,9,9,9,9,9,9,9,9,9,9,9,9,9,1,1,1,1,9,9,9,9,9,9,9,9,1,9,1,9,9,9,9,9,9,9,9,9,9,9,9,9,9,9,9,0
2008,5,29,1,2,2,9,2,1,1,1,1,1,1,1,1,1,1,1,1,1,1,1,1,1,1,9,1,2,2,1,1,1,1,1,2,1,2,2,1,9,2,2,1,1,1,1,1,2,2,2,1,2,2,1,2,2,2,1,9,9,1,1,1,1,2,2,2,2,2,0
2008,5,29,2,1,1,1,1,2,2,2,2,2,2,2,2,2,2,2,2,2,2,2,2,2,2,9,2,1,1,2,2,2,2,2,1,2,1,1,2,1,1,1,2,2,2,2,2,1,1,1,2,1,1,2,1,1,1,2,9,9,9,9,2,2,1,1,1,1,1,0
2008,5,29,3,1,1,1,1,2,2,9,2,2,2,2,2,2,2,2,2,2,2,2,2,2,2,9,2,1,1,2,2,2,2,2,1,2,1,1,2,1,1,1,2,2,2,2,2,1,1,1,2,1,1,2,1,1,1,2,9,9,9,9,2,2,1,1,1,1,1,0
2008,5,29,4,1,1,1,1,2,2,9,2,2,2,2,2,2,2,2,2,2,2,2,2,9,2,9,2,1,1,2,2,2,2,2,1,2,1,1,2,1,1,1,2,2,2,2,2,1,1,1,2,1,1,2,1,1,1,2,9,9,9,9,2,2,1,1,1,1,1,0
2008,5,29,5,1,1,1,1,2,2,9,2,2,2,2,2,2,2,2,2,2,2,2,2,9,2,9,2,1,1,2,2,2,2,2,1,2,9,1,2,1,1,1,2,2,2,2,2,9,1,1,2,1,1,2,1,1,1,2,9,9,2,9,2,2,1,1,9,1,1,0
2008,5,29,6,2,9,2,2,1,1,9,1,1,1,1,1,1,1,1,1,1,1,1,1,9,1,9,1,2,2,1,1,1,1,1,2,1,9,2,9,2,2,2,1,9,9,1,1,9,2,2,1,2,2,1,9,2,2,1,9,9,2,9,1,1,2,2,3,3,2,0
2008,5,29,7,2,9,2,2,1,1,9,1,1,1,1,1,1,1,1,1,1,1,1,1,9,1,9,1,2,2,1,1,1,1,1,2,1,9,2,1,2,2,2,1,1,1,1,1,9,2,2,1,2,2,1,2,2,2,1,9,9,1,9,1,1,2,2,9,2,2,0
2008,8,27,1,1,1,1,1,1,1,1,1,1,1,1,9,1,1,1,1,1,1,1,1,1,9,9,1,1,9,1,1,9,1,1,1,1,1,9,1,1,1,1,1,9,1,9,9,1,1,1,1,1,9,1,1,1,1,1,9,1,1,1,1,1,1,1,1,9,1,1
2008,8,27,2,1,1,1,1,1,1,9,1,1,1,1,9,1,1,1,1,1,1,1,1,1,9,9,1,1,9,1,1,1,1,1,1,1,1,9,1,1,1,1,1,9,1,1,1,1,1,1,1,1,9,1,1,1,1,1,9,1,1,1,1,1,1,1,1,9,1,1
2008,8,27,3,1,1,1,1,2,2,2,2,9,9,2,9,9,2,2,2,2,9,2,2,2,9,9,1,1,9,1,1,1,1,1,1,1,1,9,1,1,1,1,1,3,1,1,1,1,1,1,1,3,9,1,1,1,9,1,9,9,1,9,1,1,1,1,9,9,1,0
2008,8,27,4,1,1,1,1,2,2,9,2,9,9,2,9,9,2,2,2,2,2,2,2,2,9,9,1,1,9,9,1,1,1,1,9,1,1,9,1,1,1,1,1,9,1,1,1,1,1,1,1,1,9,1,1,1,9,1,9,9,1,1,1,1,1,1,9,9,1,0
2008,8,27,5,1,1,1,1,1,9,9,1,1,9,1,9,9,1,1,1,1,1,9,1,1,9,9,1,1,1,9,1,1,1,1,1,1,1,1,9,1,1,1,1,1,1,1,1,1,1,9,9,1,9,1,1,9,9,1,9,9,1,9,1,1,1,1,9,9,1,1
2008,8,27,6,1,1,1,1,1,9,1,1,1,9,1,9,1,1,9,9,1,1,9,9,1,9,9,1,1,1,9,1,1,1,1,9,1,1,1,1,1,1,1,1,1,1,1,1,1,1,9,1,1,9,9,1,1,9,1,9,9,1,1,1,9,1,1,9,9,1,1
2008,8,27,7,1,1,1,1,9,9,1,1,1,9,1,9,1,9,1,9,1,1,1,1,1,9,9,1,1,9,9,1,9,1,1,1,1,9,1,1,1,1,1,1,1,1,1,1,1,1,9,1,1,9,9,1,9,9,1,9,9,1,1,1,9,1,1,9,1,1,1
2008,8,27,8,1,1,1,1,9,1,9,1,1,9,9,9,1,9,1,9,1,1,1,9,9,9,9,1,1,9,9,1,1,1,1,1,1,9,1,1,1,1,1,1,1,9,1,1,1,1,9,9,1,9,9,9,9,9,1,9,9,1,1,1,9,1,1,9,1,1,1
2008,8,27,9,1,1,1,1,1,1,1,1,1,9,1,9,1,1,1,1,1,1,1,1,9,9,9,1,1,9,9,1,9,1,1,1,1,9,1,1,1,1,1,1,1,1,9,1,1,1,9,1,1,9,9,1,9,9,1,9,9,1,1,1,9,1,1,1,1,1,1
2008,8,27,10,1,1,1,1,1,1,9,1,1,9,1,9,1,1,1,1,1,1,9,1,9,9,9,2,9,9,9,1,9,1,2,1,2,9,9,1,2,1,1,2,9,9,2,2,1,1,9,9,9,9,9,2,1,9,2,9,9,1,2,2,9,1,9,1,9,9,0
2008,8,27,11,1,1,1,1,1,1,9,1,1,9,1,9,1,1,1,1,1,1,1,1,1,9,9,2,9,9,9,2,9,1,2,1,2,9,9,1,9,1,1,2,9,2,2,2,1,2,9,9,9,9,2,2,9,9,2,9,9,1,3,2,2,2,1,9,9,1,0
2008,8,27,12,1,1,1,1,1,1,9,1,1,9,9,9,1,1,1,1,1,1,1,1,9,9,9,1,9,9,9,1,1,1,1,1,1,9,9,1,9,1,1,1,9,1,1,1,1,1,9,1,9,9,9,1,9,9,1,9,9,1,1,9,1,1,9,9,9,1,1
2008,8,27,13,1,1,1,1,1,9,9,1,9,9,9,9,1,9,1,1,1,1,1,9,1,9,9,1,9,9,9,9,1,1,1,1,1,9,9,9,9,1,1,1,9,9,1,1,1,1,9,1,9,9,1,1,9,9,1,9,9,1,1,9,9,1,9,9,9,1,1
2008,8,27,14,1,1,1,1,9,1,9,1,1,9,9,9,1,1,1,9,1,1,1,1,1,9,9,1,9,9,9,9,1,1,9,1,1,9,9,1,9,9,9,1,9,9,1,1,1,1,9,9,9,9,9,1,9,9,1,9,9,1,1,9,9,1,9,9,9,1,1
2008,8,27,15,1,1,1,1,1,1,9,1,1,9,9,9,1,1,1,1,1,1,1,1,1,9,9,1,9,9,9,1,1,1,1,9,1,9,9,1,9,9,1,1,9,9,1,1,1,1,9,1,9,9,9,9,9,9,1,9,9,1,1,9,9,1,9,9,9,1,1
2008,8,29,1,1,9,1,1,2,2,2,2,2,2,2,2,2,2,2,9,2,2,2,2,2,1,1,1,1,1,9,1,1,1,1,1,1,1,1,1,1,1,1,1,9,1,1,1,1,1,1,1,9,9,1,1,1,9,1,9,9,1,1,1,1,1,9,9,2,9,0
2008,8,29,2,1,9,1,1,2,2,2,2,2,2,2,2,2,2,2,2,9,2,2,9,2,1,1,1,1,1,9,1,1,1,1,1,1,1,9,1,1,1,1,1,9,1,1,1,9,1,1,9,9,9,1,1,1,9,1,9,9,9,1,1,1,1,9,9,2,9,0
2008,8,29,3,1,1,1,1,1,9,9,1,1,9,1,2,1,1,1,1,9,2,1,1,9,1,9,1,1,1,9,1,1,1,1,1,1,1,1,1,1,1,9,1,9,9,1,1,9,1,1,1,9,9,1,1,9,1,1,9,9,1,9,9,1,1,1,9,9,1,0
2008,8,29,4,1,1,1,1,2,9,9,2,9,2,2,2,2,2,2,2,2,2,2,2,9,1,1,1,1,1,9,1,1,1,1,1,1,1,1,1,1,1,9,1,1,9,1,1,9,1,1,2,9,9,3,9,9,1,1,9,9,1,9,9,2,1,1,9,9,1,0
2008,8,29,5,1,1,1,9,1,9,9,1,1,1,1,1,1,1,9,1,1,1,1,1,9,1,9,1,9,1,9,1,1,1,1,1,1,1,1,1,1,1,1,1,1,9,1,1,3,1,1,1,2,9,9,1,9,1,1,9,9,1,1,9,9,1,1,9,9,1,0
2008,8,29,6,1,1,1,1,2,2,9,2,2,2,2,2,2,2,2,2,2,2,2,9,9,1,9,1,1,1,9,1,1,1,1,1,1,1,1,1,1,1,1,1,1,9,9,1,2,1,1,1,9,9,9,1,9,1,1,9,9,2,1,9,9,9,1,9,9,1,0
2008,8,29,7,1,1,9,9,2,2,9,2,2,2,2,2,2,2,2,2,2,2,2,1,9,1,9,9,1,1,9,1,1,9,1,1,1,1,1,1,1,1,1,1,1,9,1,1,9,1,1,1,9,9,9,1,9,1,1,9,9,1,1,9,9,9,1,9,9,1,0
2008,8,29,8,1,9,1,1,1,1,9,1,1,1,9,1,2,1,1,9,1,1,1,9,9,1,9,1,1,1,9,9,1,1,9,1,1,1,1,1,1,1,1,1,9,9,1,1,1,1,1,1,9,9,9,1,1,1,1,9,9,1,1,9,9,9,9,9,9,1,0
2008,8,29,9,1,9,1,1,2,2,2,2,2,2,2,2,2,2,9,2,2,2,2,9,9,1,9,1,1,1,9,1,1,1,1,1,1,1,1,3,1,1,1,1,1,9,2,1,1,1,1,1,9,9,9,1,1,1,1,9,9,9,1,9,9,9,9,9,9,1,0
2008,8,29,10,1,9,1,1,9,1,9,1,1,1,1,1,1,1,9,1,1,1,1,9,9,1,9,1,1,1,9,1,1,1,1,1,1,9,1,1,1,1,1,1,1,9,1,1,1,1,1,1,1,9,9,1,1,1,1,9,9,9,1,9,9,9,9,9,9,1,1
2008,8,29,11,1,9,1,1,9,1,9,1,1,1,1,1,1,9,9,9,1,1,9,9,9,1,9,1,1,1,9,1,1,1,1,1,1,1,1,1,1,1,1,1,1,9,1,1,1,1,1,1,1,9,9,1,1,1,1,9,9,9,1,9,9,9,9,9,9,1,1
2008,8,29,12,1,9,1,1,9,1,9,1,1,1,1,1,1,9,9,1,1,1,9,9,1,2,2,2,2,9,9,2,2,2,2,2,2,2,2,2,2,2,2,2,9,2,2,2,2,2,2,2,2,2,9,2,9,2,2,9,9,9,1,9,9,9,9,1,9,2,0
2008,8,29,13,1,9,1,1,1,1,9,1,1,1,1,1,1,9,9,1,1,1,1,1,1,1,1,1,1,9,9,1,1,1,1,1,1,1,1,1,1,1,1,1,9,1,1,1,1,1,1,1,1,1,9,1,9,1,1,9,9,9,1,9,9,9,9,9,9,1,1
2008,8,29,14,1,9,9,1,1,1,9,1,1,1,1,1,1,9,9,1,1,1,1,1,9,1,1,1,1,1,9,1,1,1,1,1,1,9,9,1,9,1,1,1,1,1,1,1,9,1,1,1,1,1,9,1,9,1,1,9,9,9,1,9,9,9,9,9,9,1,1
2008,8,29,15,1,9,9,1,1,1,1,1,1,1,1,1,1,9,9,1,1,1,1,1,1,1,9,1,1,9,9,1,1,1,1,1,1,1,1,1,9,1,1,1,1,1,1,1,9,1,1,1,1,1,9,1,9,1,1,9,9,9,1,9,9,9,9,1,9,1,1
2008,8,29,16,1,9,9,1,9,1,1,1,1,1,1,1,1,9,9,1,1,1,1,1,1,1,1,1,1,1,9,1,1,1,1,1,1,1,1,1,9,1,1,1,1,1,1,1,9,1,1,1,1,1,9,1,9,1,1,9,9,9,1,9,9,9,9,1,9,1,1
2008,8,29,17,1,9,9,1,3,3,3,3,3,3,3,3,3,9,9,3,3,9,3,3,3,1,1,1,1,1,9,1,1,1,1,1,1,1,1,1,9,1,1,1,1,1,1,1,9,1,1,1,1,1,9,1,1,1,1,9,9,9,1,9,9,9,9,1,9,1,1
